time_min,soc_percent,power_kw,phase
0.0,10.0,0.0,done
1.0,10.35,16.271,ramp
2.0,10.7,16.293,ramp
3.0,11.05,16.314,ramp
4.0,11.4,16.334,ramp
5.0,11.75,16.353,ramp
6.0,12.1,16.371,ramp
7.0,12.45,16.388,ramp
8.0,12.8,16.405,ramp
9.0,13.15,16.42,ramp
10.0,13.5,16.435,ramp
11.0,13.85,16.45,ramp
12.0,14.2,16.464,ramp
13.0,14.55,16.477,ramp
14.0,14.9,16.49,ramp
15.0,15.25,16.502,CC
16.0,15.6,16.514,CC
17.0,15.95,16.525,CC
18.0,16.3,16.536,CC
19.0,16.65,16.547,CC
20.0,17.0,16.558,CC
21.0,17.35,16.568,CC
22.0,17.7,16.578,CC
23.0,18.05,16.589,CC
24.0,18.4,16.599,CC
25.0,18.75,16.609,CC
26.0,19.1,16.619,CC
27.0,19.45,16.629,CC
28.0,19.8,16.64,CC
29.0,20.15,16.65,CC
30.0,20.5,16.661,CC
31.0,20.85,16.672,CC
32.0,21.2,16.683,CC
33.0,21.55,16.693,CC
34.0,21.9,16.704,CC
35.0,22.25,16.714,CC
36.0,22.6,16.724,CC
37.0,22.95,16.735,CC
38.0,23.3,16.745,CC
39.0,23.65,16.754,CC
40.0,24.0,16.764,CC
41.0,24.35,16.774,CC
42.0,24.7,16.783,CC
43.0,25.05,16.793,CC
44.0,25.4,16.802,CC
45.0,25.75,16.811,CC
46.0,26.1,16.82,CC
47.0,26.45,16.829,CC
48.0,26.8,16.838,CC
49.0,27.15,16.846,CC
50.0,27.5,16.855,CC
51.0,27.85,16.863,CC
52.0,28.2,16.871,CC
53.0,28.55,16.879,CC
54.0,28.9,16.886,CC
55.0,29.25,16.894,CC
56.0,29.6,16.901,CC
57.0,29.95,16.909,CC
58.0,30.3,16.916,CC
59.0,30.65,16.922,CC
60.0,31.0,16.929,CC
61.0,31.35,16.935,CC
62.0,31.7,16.942,CC
63.0,32.05,16.948,CC
64.0,32.4,16.954,CC
65.0,32.75,16.959,CC
66.0,33.1,16.965,CC
67.0,33.45,16.97,CC
68.0,33.8,16.976,CC
69.0,34.15,16.981,CC
70.0,34.5,16.986,CC
71.0,34.85,16.992,CC
72.0,35.2,16.997,CC
73.0,35.55,17.002,CC
74.0,35.9,17.007,CC
75.0,36.25,17.012,CC
76.0,36.6,17.017,CC
77.0,36.95,17.022,CC
78.0,37.3,17.027,CC
79.0,37.65,17.032,CC
80.0,38.0,17.038,CC
81.0,38.35,17.043,CC
82.0,38.7,17.048,CC
83.0,39.05,17.054,CC
84.0,39.4,17.059,CC
85.0,39.75,17.065,CC
86.0,40.1,17.071,CC
87.0,40.45,17.077,CC
88.0,40.8,17.083,CC
89.0,41.15,17.088,CC
90.0,41.5,17.094,CC
91.0,41.85,17.1,CC
92.0,42.2,17.106,CC
93.0,42.55,17.112,CC
94.0,42.9,17.118,CC
95.0,43.25,17.124,CC
96.0,43.6,17.13,CC
97.0,43.95,17.136,CC
98.0,44.3,17.142,CC
99.0,44.65,17.148,CC
100.0,45.0,17.154,CC
101.0,45.35,17.161,CC
102.0,45.7,17.167,CC
103.0,46.05,17.173,CC
104.0,46.4,17.18,CC
105.0,46.75,17.186,CC
106.0,47.1,17.193,CC
107.0,47.45,17.2,CC
108.0,47.8,17.207,CC
109.0,48.15,17.214,CC
110.0,48.5,17.221,CC
111.0,48.85,17.228,CC
112.0,49.2,17.235,CC
113.0,49.55,17.243,CC
114.0,49.9,17.251,CC
115.0,50.25,17.259,CC
116.0,50.6,17.267,CC
117.0,50.95,17.275,CC
118.0,51.3,17.283,CC
119.0,51.65,17.292,CC
120.0,52.0,17.301,CC
121.0,52.35,17.31,CC
122.0,52.7,17.319,CC
123.0,53.05,17.328,CC
124.0,53.4,17.338,CC
125.0,53.75,17.347,CC
126.0,54.1,17.357,CC
127.0,54.45,17.367,CC
128.0,54.8,17.377,CC
129.0,55.15,17.388,CC
130.0,55.5,17.398,CC
131.0,55.85,17.409,CC
132.0,56.2,17.42,CC
133.0,56.55,17.431,CC
134.0,56.9,17.442,CC
135.0,57.25,17.453,CC
136.0,57.6,17.465,CC
137.0,57.95,17.476,CC
138.0,58.3,17.488,CC
139.0,58.65,17.5,CC
140.0,59.0,17.512,CC
141.0,59.35,17.525,CC
142.0,59.7,17.537,CC
143.0,60.05,17.55,CC
144.0,60.4,17.562,CC
145.0,60.75,17.575,CC
146.0,61.1,17.589,CC
147.0,61.45,17.603,CC
148.0,61.8,17.618,CC
149.0,62.15,17.632,CC
150.0,62.5,17.648,CC
151.0,62.85,17.663,CC
152.0,63.2,17.679,CC
153.0,63.55,17.695,CC
154.0,63.9,17.712,CC
155.0,64.25,17.729,CC
156.0,64.6,17.746,CC
157.0,64.95,17.763,CC
158.0,65.3,17.78,CC
159.0,65.65,17.797,CC
160.0,66.0,17.815,CC
161.0,66.35,17.833,CC
162.0,66.7,17.85,CC
163.0,67.05,17.868,CC
164.0,67.4,17.885,CC
165.0,67.75,17.903,CC
166.0,68.1,17.921,CC
167.0,68.45,17.938,CC
168.0,68.8,17.955,CC
169.0,69.15,17.972,CC
170.0,69.5,17.989,CC
171.0,69.85,18.006,CC
172.0,70.2,18.023,CC
173.0,70.55,18.039,CC
174.0,70.9,18.055,CC
175.0,71.25,18.072,CC
176.0,71.6,18.088,CC
177.0,71.95,18.104,CC
178.0,72.3,18.12,CC
179.0,72.65,18.136,CC
180.0,73.0,18.152,CC
181.0,73.35,18.168,CC
182.0,73.7,18.184,CC
183.0,74.05,18.2,CC
184.0,74.4,18.216,CC
185.0,74.75,18.232,CC
186.0,75.1,18.248,CC
187.0,75.45,18.264,CC
188.0,75.8,18.28,CC
189.0,76.15,18.296,CC
190.0,76.5,18.313,CC
191.0,76.85,18.329,CC
192.0,77.2,18.345,CC
193.0,77.55,18.362,CC
194.0,77.9,18.378,CC
195.0,78.25,18.395,CC
196.0,78.6,18.411,CC
197.0,78.95,18.428,CC
198.0,79.3,18.445,CC
199.0,79.65,18.462,CC
200.0,80.0,18.479,CC
201.0,80.35,18.496,CC
202.0,80.7,18.514,CC
203.0,81.05,18.531,CC
204.0,81.4,18.549,CC
205.0,81.75,18.566,CC
206.0,82.1,18.584,CC
207.0,82.45,18.602,CC
208.0,82.8,18.62,CC
209.0,83.15,18.637,CC
210.0,83.5,18.656,CC
211.0,83.85,18.674,CC
212.0,84.2,18.692,CC
213.0,84.55,18.71,CC
214.0,84.9,18.728,CC
215.0,85.25,18.747,CC
216.0,85.6,18.765,CC
217.0,85.95,18.784,CC
218.0,86.3,18.803,CC
219.0,86.65,18.821,CC
220.0,87.0,18.84,CC
221.0,87.35,18.859,CC
222.0,87.7,18.878,CC
223.0,88.05,18.897,CC
224.0,88.4,18.916,CC
225.0,88.75,18.935,CC
226.0,89.1,18.954,CC
227.0,89.45,18.973,CC
228.0,89.8,18.993,CC
229.0,90.15,19.012,CC
230.0,90.5,19.031,CC
231.0,90.85,19.051,CC
232.0,91.2,19.07,CC
233.0,91.55,19.09,CC
234.0,91.9,19.109,CC
235.0,92.25,19.129,CC
236.0,92.6,19.149,CC
237.0,92.95,19.169,CC
238.0,93.3,19.189,CC
239.0,93.65,19.209,CC
240.0,94.0,19.229,CC
241.0,94.35,19.249,CC
242.0,94.7,19.27,CC
243.0,94.87,9.161,CV
244.0,94.94,4.084,CV
245.0,94.97,1.818,CV
246.0,94.99,0.808,CV
247.0,94.99,0.359,CV
248.0,95.0,0.16,CV
249.0,95.0,0.071,CV
250.0,95.0,0.032,CV
251.0,95.0,0.014,CV
252.0,95.0,0.006,done
253.0,95.0,0.003,done
254.0,95.0,0.001,done
255.0,95.0,0.001,done
256.0,95.0,0.0,done
257.0,95.0,0.0,done
258.0,95.0,0.0,done
259.0,95.0,0.0,done
260.0,95.0,0.0,done
261.0,95.0,0.0,done
262.0,95.0,0.0,done
263.0,95.0,0.0,done
264.0,95.0,0.0,done
265.0,95.0,0.0,done
266.0,95.0,0.0,done
267.0,95.0,0.0,done
268.0,95.0,0.0,done
269.0,95.0,0.0,done
270.0,95.0,0.0,done
271.0,95.0,0.0,done
272.0,95.0,0.0,done
273.0,95.0,0.0,done
274.0,95.0,0.0,done
275.0,95.0,0.0,done
276.0,95.0,0.0,done
277.0,95.0,0.0,done
278.0,95.0,0.0,done
279.0,95.0,0.0,done
280.0,95.0,0.0,done
281.0,95.0,0.0,done
282.0,95.0,0.0,done
283.0,95.0,0.0,done
284.0,95.0,0.0,done
285.0,95.0,0.0,done
286.0,95.0,0.0,done
287.0,95.0,0.0,done
288.0,95.0,0.0,done
289.0,95.0,0.0,done
290.0,95.0,0.0,done
291.0,95.0,0.0,done
292.0,95.0,0.0,done
293.0,95.0,0.0,done
294.0,95.0,0.0,done
295.0,95.0,0.0,done
296.0,95.0,0.0,done
297.0,95.0,0.0,done
298.0,95.0,0.0,done
299.0,95.0,0.0,done
