timestamp_unix,timestamp_iso,cmd,setpoint_kw,latency_ms
1782663648.730,2026-06-28T17:20:48,LOWER,10.00,254.649
1782663652.893,2026-06-28T17:20:52,LOWER,15.00,319.626
1782663656.720,2026-06-28T17:20:56,LOWER,20.00,149.396
1782663661.241,2026-06-28T17:21:01,LOWER,25.00,574.007
1782663665.405,2026-06-28T17:21:05,LOWER,30.00,641.654
1782663669.418,2026-06-28T17:21:09,LOWER,35.00,555.401
1782663673.245,2026-06-28T17:21:13,LOWER,40.00,420.830
1782663677.150,2026-06-28T17:21:17,LOWER,45.00,309.156
1782663681.410,2026-06-28T17:21:21,LOWER,50.00,470.233
1782663685.426,2026-06-28T17:21:25,LOWER,55.00,484.528
1782663689.063,2026-06-28T17:21:29,LOWER,60.00,23.841
1782663693.480,2026-06-28T17:21:33,LOWER,65.00,345.524
1782663697.536,2026-06-28T17:21:37,LOWER,70.00,301.123
1782663701.695,2026-06-28T17:21:41,LOWER,75.00,507.512
1782663705.848,2026-06-28T17:21:45,LOWER,80.00,563.551
1782663709.851,2026-06-28T17:21:49,LOWER,85.00,468.219
1782663713.490,2026-06-28T17:21:53,LOWER,90.00,5.944
1782663717.641,2026-06-28T17:21:57,LOWER,95.00,156.371
1782663721.601,2026-06-28T17:22:01,LOWER,100.00,114.429
1782663725.621,2026-06-28T17:22:05,LOWER,105.00,26.166
1782663729.863,2026-06-28T17:22:09,LOWER,110.00,311.884
1782663733.847,2026-06-28T17:22:13,LOWER,115.00,297.239
1782663738.414,2026-06-28T17:22:18,LOWER,120.00,759.496
1782663741.857,2026-06-28T17:22:21,LOWER,125.00,204.032
1782663745.698,2026-06-28T17:22:25,LOWER,130.00,42.916
1782663750.159,2026-06-28T17:22:30,LOWER,135.00,388.517
1782663754.035,2026-06-28T17:22:34,LOWER,140.00,305.337
1782663758.066,2026-06-28T17:22:38,LOWER,145.00,333.381
1782663762.266,2026-06-28T17:22:42,LOWER,150.00,528.571
1782663766.081,2026-06-28T17:22:46,LOWER,155.00,341.205
1782664227.848,2026-06-28T17:30:27,HIGHER,145.00,32.379
1782664232.043,2026-06-28T17:30:32,HIGHER,135.00,221.946
1782664235.944,2026-06-28T17:30:35,HIGHER,125.00,114.092
1782664240.184,2026-06-28T17:30:40,HIGHER,115.00,347.085
1782664244.041,2026-06-28T17:30:44,HIGHER,105.00,190.623
1782664248.272,2026-06-28T17:30:48,HIGHER,95.00,313.609
1782664252.142,2026-06-28T17:30:52,HIGHER,85.00,224.520
1782664256.054,2026-06-28T17:30:56,HIGHER,75.00,132.482
1782664260.254,2026-06-28T17:31:00,HIGHER,65.00,330.192
1782664264.095,2026-06-28T17:31:04,HIGHER,55.00,171.346
1782664268.371,2026-06-28T17:31:08,HIGHER,45.00,340.331
1782664272.217,2026-06-28T17:31:12,HIGHER,35.00,78.846
1782664276.116,2026-06-28T17:31:16,HIGHER,25.00,15.136
1782664280.558,2026-06-28T17:31:20,HIGHER,15.00,454.690
1782664284.356,2026-06-28T17:31:24,HIGHER,5.00,151.293
1782664288.248,2026-06-28T17:31:28,HIGHER,0.00,42.290
1782664292.519,2026-06-28T17:31:32,LOWER,5.00,312.145
1782664296.453,2026-06-28T17:31:36,HIGHER,0.00,146.310
1782664300.598,2026-06-28T17:31:40,HIGHER,-10.00,322.878
1782664304.535,2026-06-28T17:31:44,LOWER,-5.00,255.787
1782664308.452,2026-06-28T17:31:48,LOWER,0.00,169.990
1782664312.341,2026-06-28T17:31:52,LOWER,5.00,58.107
1782664316.672,2026-06-28T17:31:56,HIGHER,0.00,281.418
1782664320.912,2026-06-28T17:32:00,LOWER,5.00,417.442
1782664324.832,2026-06-28T17:32:04,LOWER,10.00,385.350
1782664329.067,2026-06-28T17:32:09,HIGHER,0.00,515.794
1782664332.945,2026-06-28T17:32:12,HIGHER,-10.00,394.195
1782664336.728,2026-06-28T17:32:16,LOWER,-5.00,180.955
1782664341.006,2026-06-28T17:32:21,LOWER,0.00,363.317
1782664344.794,2026-06-28T17:32:24,LOWER,5.00,53.735
1782664349.503,2026-06-28T17:32:29,HIGHER,0.00,662.606
1782664352.910,2026-06-28T17:32:32,HIGHER,-10.00,111.748
1782664357.117,2026-06-28T17:32:37,LOWER,-5.00,318.758
1782664361.005,2026-06-28T17:32:41,LOWER,0.00,204.080
1782664365.236,2026-06-28T17:32:45,LOWER,5.00,340.484
1782664369.081,2026-06-28T17:32:49,HIGHER,0.00,185.277
1782664373.795,2026-06-28T17:32:53,LOWER,5.00,802.443
1782664377.227,2026-06-28T17:32:57,LOWER,10.00,180.096
1782664381.483,2026-06-28T17:33:01,HIGHER,0.00,340.330
1782664385.333,2026-06-28T17:33:05,LOWER,5.00,91.999
1782664389.575,2026-06-28T17:33:09,HIGHER,0.00,239.156
1782664393.855,2026-06-28T17:33:13,LOWER,5.00,419.670
1782664398.115,2026-06-28T17:33:18,HIGHER,0.00,683.492
1782664401.556,2026-06-28T17:33:21,LOWER,5.00,22.371
1782664405.810,2026-06-28T17:33:25,HIGHER,0.00,176.966
1782664410.080,2026-06-28T17:33:30,LOWER,5.00,346.054
1782664413.867,2026-06-28T17:33:33,HIGHER,0.00,82.966
1782664418.147,2026-06-28T17:33:38,LOWER,5.00,270.276
1782664422.415,2026-06-28T17:33:42,HIGHER,0.00,438.064
1782664426.277,2026-06-28T17:33:46,LOWER,5.00,301.889
1782664430.168,2026-06-28T17:33:50,LOWER,10.00,98.879
1782664434.371,2026-06-28T17:33:54,HIGHER,0.00,205.113
1782664438.193,2026-06-28T17:33:58,LOWER,5.00,27.089
1782664442.480,2026-06-28T17:34:02,HIGHER,0.00,213.493
1782664447.164,2026-06-28T17:34:07,LOWER,5.00,834.853
1782664450.570,2026-06-28T17:34:10,LOWER,10.00,239.423
1782664454.398,2026-06-28T17:34:14,HIGHER,0.00,63.989
1782664458.647,2026-06-28T17:34:18,LOWER,5.00,309.642
1782664462.900,2026-06-28T17:34:22,HIGHER,0.00,463.321
1782664467.182,2026-06-28T17:34:27,LOWER,5.00,639.883
1782664470.970,2026-06-28T17:34:30,HIGHER,0.00,331.055
1782664474.813,2026-06-28T17:34:34,LOWER,5.00,215.964
1782664478.652,2026-06-28T17:34:38,HIGHER,0.00,57.512
1782664482.915,2026-06-28T17:34:42,LOWER,5.00,219.497
1782664487.228,2026-06-28T17:34:47,HIGHER,0.00,436.326
1782664491.005,2026-06-28T17:34:51,LOWER,5.00,109.982
1782664495.323,2026-06-28T17:34:55,HIGHER,0.00,326.951
1782664499.113,2026-06-28T17:34:59,LOWER,5.00,18.338
1782664503.365,2026-06-28T17:35:03,HIGHER,0.00,176.067
1782664507.609,2026-06-28T17:35:07,HIGHER,-10.00,360.016
1782664511.424,2026-06-28T17:35:11,LOWER,-5.00,177.831
1782664515.284,2026-06-28T17:35:15,LOWER,0.00,33.360
1782664519.496,2026-06-28T17:35:19,LOWER,5.00,249.561
1782664523.377,2026-06-28T17:35:23,HIGHER,0.00,127.808
1782664527.607,2026-06-28T17:35:27,LOWER,5.00,260.449
1782664531.424,2026-06-28T17:35:31,LOWER,10.00,17.208
1782664535.704,2026-06-28T17:35:35,HIGHER,0.00,293.987
1782664539.491,2026-06-28T17:35:39,LOWER,5.00,83.418
1782664543.864,2026-06-28T17:35:43,HIGHER,0.00,357.572
1782664548.049,2026-06-28T17:35:48,LOWER,5.00,450.677
1782664551.871,2026-06-28T17:35:51,HIGHER,0.00,176.219
1782664556.507,2026-06-28T17:35:56,LOWER,5.00,717.138
1782664559.980,2026-06-28T17:35:59,HIGHER,0.00,87.516
1782664564.709,2026-06-28T17:36:04,LOWER,5.00,763.965
1782664568.091,2026-06-28T17:36:08,HIGHER,0.00,143.871
1782664572.299,2026-06-28T17:36:12,LOWER,5.00,252.633
1782664576.119,2026-06-28T17:36:16,HIGHER,0.00,72.889
1782664580.404,2026-06-28T17:36:20,LOWER,5.00,257.755
1782664584.253,2026-06-28T17:36:24,HIGHER,0.00,16.666
1782664588.476,2026-06-28T17:36:28,LOWER,5.00,141.948
1782664593.147,2026-06-28T17:36:33,HIGHER,0.00,715.686
1782664596.518,2026-06-28T17:36:36,LOWER,5.00,40.696
1782664600.765,2026-06-28T17:36:40,HIGHER,0.00,185.579
1782664604.992,2026-06-28T17:36:44,LOWER,5.00,406.847
1782664608.834,2026-06-28T17:36:48,HIGHER,0.00,247.949
1782664613.010,2026-06-28T17:36:53,LOWER,5.00,326.695
1782664616.830,2026-06-28T17:36:56,HIGHER,0.00,48.022
1782664621.144,2026-06-28T17:37:01,LOWER,5.00,271.634
1782664625.334,2026-06-28T17:37:05,HIGHER,0.00,364.495
1782664629.223,2026-06-28T17:37:09,HIGHER,-10.00,293.245
1782664633.416,2026-06-28T17:37:13,LOWER,-5.00,391.400
1782664637.279,2026-06-28T17:37:17,LOWER,0.00,162.108
1782664641.947,2026-06-28T17:37:21,LOWER,5.00,729.265
1782664645.386,2026-06-28T17:37:25,HIGHER,0.00,71.448
1782664649.659,2026-06-28T17:37:29,LOWER,5.00,345.492
1782664653.836,2026-06-28T17:37:33,HIGHER,0.00,427.065
1782664657.716,2026-06-28T17:37:37,LOWER,5.00,215.074
1782664662.327,2026-06-28T17:37:42,LOWER,10.00,781.385
1782664665.738,2026-06-28T17:37:45,HIGHER,0.00,92.343
1782664670.074,2026-06-28T17:37:50,LOWER,5.00,431.063
1782664673.778,2026-06-28T17:37:53,HIGHER,0.00,40.259
1782664678.083,2026-06-28T17:37:58,LOWER,5.00,249.201
1782664682.712,2026-06-28T17:38:02,HIGHER,0.00,784.260
1782664686.156,2026-06-28T17:38:06,LOWER,5.00,132.639
1782664690.361,2026-06-28T17:38:10,HIGHER,0.00,241.943
1782664694.611,2026-06-28T17:38:14,LOWER,5.00,400.552
1782664698.501,2026-06-28T17:38:18,HIGHER,0.00,242.146
1782664702.682,2026-06-28T17:38:22,LOWER,5.00,326.808
1782664706.565,2026-06-28T17:38:26,HIGHER,0.00,210.237
1782664710.744,2026-06-28T17:38:30,LOWER,5.00,295.628
1782664714.621,2026-06-28T17:38:34,HIGHER,0.00,77.206
1782664718.868,2026-06-28T17:38:38,LOWER,5.00,233.165
1782664723.092,2026-06-28T17:38:43,HIGHER,0.00,361.993
1782664726.953,2026-06-28T17:38:46,LOWER,5.00,126.286
1782664731.129,2026-06-28T17:38:51,HIGHER,0.00,202.347
1782664734.989,2026-06-28T17:38:54,LOWER,5.00,108.747
1782664739.244,2026-06-28T17:38:59,HIGHER,0.00,267.585
1782664743.460,2026-06-28T17:39:03,LOWER,5.00,394.735
1782664747.277,2026-06-28T17:39:07,LOWER,10.00,123.650
1782664751.487,2026-06-28T17:39:11,HIGHER,0.00,234.317
1782664755.354,2026-06-28T17:39:15,LOWER,5.00,6.700
1782664759.953,2026-06-28T17:39:19,HIGHER,0.00,605.378
1782664763.763,2026-06-28T17:39:23,LOWER,5.00,316.536
1782664767.605,2026-06-28T17:39:27,LOWER,10.00,203.166
1782664771.822,2026-06-28T17:39:31,HIGHER,0.00,325.209
1782664775.610,2026-06-28T17:39:35,LOWER,5.00,10.919
1782664780.293,2026-06-28T17:39:40,HIGHER,0.00,595.422
1782664783.703,2026-06-28T17:39:43,LOWER,5.00,1.588
1782664787.903,2026-06-28T17:39:47,HIGHER,0.00,202.625
1782664792.127,2026-06-28T17:39:52,LOWER,5.00,325.431
1782664795.936,2026-06-28T17:39:55,HIGHER,0.00,178.862
1782664799.769,2026-06-28T17:39:59,LOWER,5.00,14.750
1782664804.446,2026-06-28T17:40:04,HIGHER,0.00,597.894
1782664808.249,2026-06-28T17:40:08,LOWER,5.00,312.506
1782664812.036,2026-06-28T17:40:12,HIGHER,0.00,5.343
1782664816.276,2026-06-28T17:40:16,LOWER,5.00,249.397
1782664820.135,2026-06-28T17:40:20,HIGHER,0.00,11.417
1782664824.331,2026-06-28T17:40:24,LOWER,5.00,153.794
1782664828.982,2026-06-28T17:40:28,HIGHER,0.00,717.317
1782664832.373,2026-06-28T17:40:32,LOWER,5.00,14.109
1782664836.610,2026-06-28T17:40:36,HIGHER,0.00,161.148
1782664840.830,2026-06-28T17:40:40,LOWER,5.00,293.127
1782664844.692,2026-06-28T17:40:44,HIGHER,0.00,56.285
1782664849.291,2026-06-28T17:40:49,LOWER,5.00,558.632
1782664853.101,2026-06-28T17:40:53,HIGHER,0.00,366.972
1782664856.972,2026-06-28T17:40:56,LOWER,5.00,147.748
1782664861.219,2026-06-28T17:41:01,HIGHER,0.00,340.594
1782664865.025,2026-06-28T17:41:05,LOWER,5.00,46.615
1782664869.189,2026-06-28T17:41:09,HIGHER,0.00,206.680
1782664873.443,2026-06-28T17:41:13,LOWER,5.00,374.700
1782664877.365,2026-06-28T17:41:17,HIGHER,0.00,202.189
1782664881.624,2026-06-28T17:41:21,HIGHER,-10.00,359.439
1782664885.458,2026-06-28T17:41:25,LOWER,-5.00,118.579
1782664889.631,2026-06-28T17:41:29,LOWER,0.00,222.672
1782664893.911,2026-06-28T17:41:33,LOWER,5.00,413.598
1782664897.793,2026-06-28T17:41:37,LOWER,10.00,246.895
1782664901.960,2026-06-28T17:41:41,HIGHER,0.00,317.016
1782664905.776,2026-06-28T17:41:45,HIGHER,-10.00,32.681
1782664910.018,2026-06-28T17:41:50,LOWER,-5.00,182.005
1782664914.316,2026-06-28T17:41:54,LOWER,0.00,391.683
1782664918.163,2026-06-28T17:41:58,LOWER,5.00,142.523
1782664922.445,2026-06-28T17:42:02,HIGHER,0.00,332.819
1782664926.281,2026-06-28T17:42:06,LOWER,5.00,75.022
1782664930.460,2026-06-28T17:42:10,HIGHER,0.00,160.539
1782664934.550,2026-06-28T17:42:14,LOWER,5.00,158.141
1782664938.767,2026-06-28T17:42:18,HIGHER,0.00,331.157
1782664942.610,2026-06-28T17:42:22,LOWER,5.00,84.673
1782664947.251,2026-06-28T17:42:27,HIGHER,0.00,632.119
1782664950.958,2026-06-28T17:42:30,LOWER,5.00,246.799
1782664954.818,2026-06-28T17:42:34,HIGHER,0.00,12.793
1782664958.989,2026-06-28T17:42:38,LOWER,5.00,92.037
1782664963.292,2026-06-28T17:42:43,HIGHER,0.00,303.539
1782664967.239,2026-06-28T17:42:47,LOWER,5.00,161.057
1782664971.466,2026-06-28T17:42:51,HIGHER,0.00,294.445
1782664975.291,2026-06-28T17:42:55,LOWER,5.00,16.284
1782664979.424,2026-06-28T17:42:59,HIGHER,0.00,196.760
1782664983.743,2026-06-28T17:43:03,LOWER,5.00,417.459
1782664987.769,2026-06-28T17:43:07,HIGHER,0.00,351.653
1782664991.572,2026-06-28T17:43:11,HIGHER,-10.00,59.086
1782664996.226,2026-06-28T17:43:16,LOWER,-5.00,618.234
1782665000.048,2026-06-28T17:43:20,LOWER,0.00,348.168
1782665004.234,2026-06-28T17:43:24,LOWER,5.00,438.790
1782665008.319,2026-06-28T17:43:28,HIGHER,0.00,431.754
1782665012.107,2026-06-28T17:43:32,LOWER,5.00,121.924
1782665016.204,2026-06-28T17:43:36,LOWER,10.00,168.903
1782665020.390,2026-06-28T17:43:40,HIGHER,0.00,254.298
1782665024.553,2026-06-28T17:43:44,LOWER,5.00,325.858
1782665028.650,2026-06-28T17:43:48,HIGHER,0.00,334.833
1782665032.431,2026-06-28T17:43:52,LOWER,5.00,25.227
1782665036.550,2026-06-28T17:43:56,HIGHER,0.00,52.408
1782665040.745,2026-06-28T17:44:00,LOWER,5.00,156.736
1782665044.855,2026-06-28T17:44:04,HIGHER,0.00,176.192
1782665049.029,2026-06-28T17:44:09,LOWER,5.00,254.871
1782665053.211,2026-06-28T17:44:13,HIGHER,0.00,340.083
1782665056.930,2026-06-28T17:44:16,LOWER,5.00,5.713
1782665061.046,2026-06-28T17:44:21,HIGHER,0.00,119.757
1782665065.181,2026-06-28T17:44:25,LOWER,5.00,158.813
1782665069.373,2026-06-28T17:44:29,HIGHER,0.00,258.931
1782665073.560,2026-06-28T17:44:33,LOWER,5.00,358.519
1782665077.355,2026-06-28T17:44:37,HIGHER,0.00,50.687
1782665081.445,2026-06-28T17:44:41,LOWER,5.00,42.049
1782665085.574,2026-06-28T17:44:45,HIGHER,0.00,71.469
1782665089.708,2026-06-28T17:44:49,LOWER,5.00,106.927
1782665093.856,2026-06-28T17:44:53,HIGHER,0.00,205.608
1782665098.033,2026-06-28T17:44:58,LOWER,5.00,278.968
1782665102.144,2026-06-28T17:45:02,LOWER,10.00,396.565
1782665105.863,2026-06-28T17:45:05,HIGHER,0.00,16.491
1782665110.067,2026-06-28T17:45:10,LOWER,5.00,128.419
1782665114.260,2026-06-28T17:45:14,HIGHER,0.00,232.244
1782665118.355,2026-06-28T17:45:18,LOWER,5.00,230.349
1782665122.585,2026-06-28T17:45:22,HIGHER,0.00,364.118
1782665126.340,2026-06-28T17:45:26,LOWER,5.00,20.449
1782665130.531,2026-06-28T17:45:30,LOWER,10.00,156.457
1782665134.681,2026-06-28T17:45:34,HIGHER,0.00,207.696
1782665138.733,2026-06-28T17:45:38,LOWER,5.00,171.094
1782665142.893,2026-06-28T17:45:42,HIGHER,0.00,245.222
1782665147.055,2026-06-28T17:45:47,LOWER,5.00,312.110
1782665151.191,2026-06-28T17:45:51,HIGHER,0.00,351.202
1782665154.945,2026-06-28T17:45:54,LOWER,5.00,10.213
1782665159.099,2026-06-28T17:45:59,HIGHER,0.00,74.488
1782665163.245,2026-06-28T17:46:03,LOWER,5.00,128.492
1782665167.434,2026-06-28T17:46:07,HIGHER,0.00,222.640
1782665171.665,2026-06-28T17:46:11,LOWER,5.00,403.829
1782665175.360,2026-06-28T17:46:15,HIGHER,0.00,0.204
1782665179.903,2026-06-28T17:46:19,LOWER,5.00,452.881
1782665183.649,2026-06-28T17:46:23,HIGHER,0.00,111.317
1782665187.830,2026-06-28T17:46:27,LOWER,5.00,204.035
1782665192.379,2026-06-28T17:46:32,HIGHER,0.00,661.754
1782665196.091,2026-06-28T17:46:36,HIGHER,-10.00,277.631
1782665199.913,2026-06-28T17:46:39,LOWER,-5.00,6.345
1782665204.097,2026-06-28T17:46:44,LOWER,0.00,102.584
1782665208.683,2026-06-28T17:46:48,LOWER,5.00,593.864
1782665212.332,2026-06-28T17:46:52,LOWER,10.00,198.453
1782665216.525,2026-06-28T17:46:56,HIGHER,0.00,296.149
1782665220.579,2026-06-28T17:47:00,HIGHER,-10.00,352.241
1782665224.336,2026-06-28T17:47:04,LOWER,-5.00,9.223
1782665228.566,2026-06-28T17:47:08,LOWER,0.00,240.148
1782665232.667,2026-06-28T17:47:12,LOWER,5.00,243.982
1782665236.767,2026-06-28T17:47:16,HIGHER,0.00,251.762
1782665240.848,2026-06-28T17:47:20,LOWER,5.00,241.599
1782665245.001,2026-06-28T17:47:25,LOWER,10.00,339.661
1782665249.084,2026-06-28T17:47:29,HIGHER,0.00,324.299
1782665253.181,2026-06-28T17:47:33,LOWER,5.00,327.583
1782665257.231,2026-06-28T17:47:37,HIGHER,0.00,280.357
1782665261.374,2026-06-28T17:47:41,LOWER,5.00,326.959
1782665265.511,2026-06-28T17:47:45,HIGHER,0.00,373.961
1782665269.585,2026-06-28T17:47:49,LOWER,5.00,354.060
1782665273.676,2026-06-28T17:47:53,HIGHER,0.00,358.505
1782665277.735,2026-06-28T17:47:57,LOWER,5.00,323.709
1782665281.892,2026-06-28T17:48:01,HIGHER,0.00,381.781
1782665286.377,2026-06-28T17:48:06,LOWER,5.00,817.711
1782665290.102,2026-06-28T17:48:10,LOWER,10.00,452.306
1782665294.174,2026-06-28T17:48:14,HIGHER,0.00,423.931
1782665298.275,2026-06-28T17:48:18,LOWER,5.00,435.028
1782665302.023,2026-06-28T17:48:22,HIGHER,0.00,90.412
1782665306.075,2026-06-28T17:48:26,HIGHER,-10.00,44.180
1782665310.172,2026-06-28T17:48:30,LOWER,-5.00,147.743
1782665314.306,2026-06-28T17:48:34,LOWER,0.00,187.981
1782665318.411,2026-06-28T17:48:38,LOWER,5.00,198.656
1782665322.519,2026-06-28T17:48:42,LOWER,10.00,256.846
1782665326.599,2026-06-28T17:48:46,HIGHER,0.00,244.935
1782665330.680,2026-06-28T17:48:50,HIGHER,-10.00,230.138
1782665334.767,2026-06-28T17:48:54,LOWER,-5.00,224.438
1782665338.915,2026-06-28T17:48:58,LOWER,0.00,279.995
1782665343.081,2026-06-28T17:49:03,LOWER,5.00,353.281
1782665347.197,2026-06-28T17:49:07,HIGHER,0.00,373.597
1782665351.649,2026-06-28T17:49:11,LOWER,5.00,739.554
1782665355.380,2026-06-28T17:49:15,HIGHER,0.00,380.130
1782665359.497,2026-06-28T17:49:19,LOWER,5.00,404.022
1782665363.590,2026-06-28T17:49:23,HIGHER,0.00,455.690
1782665367.236,2026-06-28T17:49:27,LOWER,5.00,15.914
1782665371.371,2026-06-28T17:49:31,HIGHER,0.00,56.971
1782665375.479,2026-06-28T17:49:35,LOWER,5.00,68.255
1782665379.589,2026-06-28T17:49:39,HIGHER,0.00,89.298
1782665383.637,2026-06-28T17:49:43,LOWER,5.00,46.271
1782665387.767,2026-06-28T17:49:47,HIGHER,0.00,81.820
1782665391.894,2026-06-28T17:49:51,LOWER,5.00,112.718
1782665396.028,2026-06-28T17:49:56,HIGHER,0.00,162.142
1782665400.196,2026-06-28T17:50:00,LOWER,5.00,232.864
1782665404.248,2026-06-28T17:50:04,HIGHER,0.00,236.907
1782665408.400,2026-06-28T17:50:08,LOWER,5.00,293.065
1782665412.511,2026-06-28T17:50:12,LOWER,10.00,309.487
1782665416.231,2026-06-28T17:50:16,HIGHER,0.00,28.980
1782665420.388,2026-06-28T17:50:20,LOWER,5.00,89.001
1782665424.437,2026-06-28T17:50:24,HIGHER,0.00,38.177
1782665428.629,2026-06-28T17:50:28,LOWER,5.00,131.080
1782665432.724,2026-06-28T17:50:32,HIGHER,0.00,127.533
1782665436.817,2026-06-28T17:50:36,LOWER,5.00,125.288
1782665440.797,2026-06-28T17:50:40,LOWER,10.00,58.575
1782665444.900,2026-06-28T17:50:44,HIGHER,0.00,67.914
1782665449.744,2026-06-28T17:50:49,LOWER,5.00,814.065
1782665453.010,2026-06-28T17:50:53,HIGHER,0.00,89.875
1782665457.549,2026-06-28T17:50:57,LOWER,5.00,533.818
1782665461.158,2026-06-28T17:51:01,HIGHER,0.00,53.171
1782665465.308,2026-06-28T17:51:05,LOWER,5.00,109.437
1782665469.706,2026-06-28T17:51:09,HIGHER,0.00,419.013
1782665473.803,2026-06-28T17:51:13,LOWER,5.00,420.793
1782665477.753,2026-06-28T17:51:17,HIGHER,0.00,322.272
1782665481.831,2026-06-28T17:51:21,LOWER,5.00,307.394
1782665485.896,2026-06-28T17:51:25,HIGHER,0.00,276.745
1782665489.968,2026-06-28T17:51:29,LOWER,5.00,254.030
1782665494.017,2026-06-28T17:51:34,HIGHER,0.00,207.175
1782665498.044,2026-06-28T17:51:38,LOWER,5.00,139.248
1782665502.126,2026-06-28T17:51:42,HIGHER,0.00,129.117
1782665506.176,2026-06-28T17:51:46,LOWER,5.00,84.433
1782665510.276,2026-06-28T17:51:50,HIGHER,0.00,92.170
1782665514.327,2026-06-28T17:51:54,LOWER,5.00,51.527
1782665518.398,2026-06-28T17:51:58,HIGHER,0.00,76.480
1782665522.865,2026-06-28T17:52:02,LOWER,5.00,449.194
1782665526.515,2026-06-28T17:52:06,LOWER,10.00,7.981
1782665531.008,2026-06-28T17:52:11,HIGHER,0.00,405.323
1782665535.002,2026-06-28T17:52:15,LOWER,5.00,303.210
1782665539.113,2026-06-28T17:52:19,HIGHER,0.00,314.369
1782665543.128,2026-06-28T17:52:23,LOWER,5.00,231.224
1782665547.236,2026-06-28T17:52:27,HIGHER,0.00,247.082
1782665551.214,2026-06-28T17:52:31,LOWER,5.00,131.641
1782665555.310,2026-06-28T17:52:35,HIGHER,0.00,128.064
1782665559.395,2026-06-28T17:52:39,LOWER,5.00,167.651
1782665563.459,2026-06-28T17:52:43,HIGHER,0.00,138.598
1782665567.941,2026-06-28T17:52:47,LOWER,5.00,526.816
1782665571.532,2026-06-28T17:52:51,HIGHER,0.00,21.049
1782665575.631,2026-06-28T17:52:55,LOWER,5.00,16.142
1782665580.107,2026-06-28T17:53:00,HIGHER,0.00,492.230
1782665583.787,2026-06-28T17:53:03,LOWER,5.00,72.756
1782665588.231,2026-06-28T17:53:08,HIGHER,0.00,418.236
1782665592.229,2026-06-28T17:53:12,LOWER,5.00,319.697
1782665596.298,2026-06-28T17:53:16,HIGHER,0.00,340.972
1782665600.361,2026-06-28T17:53:20,LOWER,5.00,308.283
1782665604.902,2026-06-28T17:53:24,HIGHER,0.00,747.133
1782665608.478,2026-06-28T17:53:28,HIGHER,-10.00,234.458
1782665612.576,2026-06-28T17:53:32,LOWER,-5.00,243.085
1782665616.644,2026-06-28T17:53:36,LOWER,0.00,212.010
1782665620.735,2026-06-28T17:53:40,LOWER,5.00,210.247
1782665624.788,2026-06-28T17:53:44,HIGHER,0.00,155.219
1782665628.842,2026-06-28T17:53:48,LOWER,5.00,115.172
1782665632.923,2026-06-28T17:53:52,HIGHER,0.00,100.331
1782665637.006,2026-06-28T17:53:57,HIGHER,-10.00,131.337
1782665641.485,2026-06-28T17:54:01,LOWER,-5.00,514.702
1782665645.081,2026-06-28T17:54:05,LOWER,0.00,14.470
1782665649.180,2026-06-28T17:54:09,LOWER,5.00,18.510
1782665653.263,2026-06-28T17:54:13,HIGHER,0.00,7.443
1782665657.371,2026-06-28T17:54:17,LOWER,5.00,20.038
1782665661.842,2026-06-28T17:54:21,HIGHER,0.00,391.539
1782665665.866,2026-06-28T17:54:25,LOWER,5.00,323.089
1782665669.930,2026-06-28T17:54:29,HIGHER,0.00,298.363
1782665673.990,2026-06-28T17:54:33,LOWER,5.00,263.340
1782665678.059,2026-06-28T17:54:38,HIGHER,0.00,284.857
1782665682.092,2026-06-28T17:54:42,LOWER,5.00,222.186
1782665686.197,2026-06-28T17:54:46,HIGHER,0.00,231.084
1782665690.278,2026-06-28T17:54:50,LOWER,5.00,215.726
1782665694.321,2026-06-28T17:54:54,HIGHER,0.00,163.012
1782665698.350,2026-06-28T17:54:58,LOWER,5.00,96.277
1782665702.393,2026-06-28T17:55:02,HIGHER,0.00,49.491
1782665706.524,2026-06-28T17:55:06,LOWER,5.00,77.578
1782665710.584,2026-06-28T17:55:10,HIGHER,0.00,40.415
1782665714.667,2026-06-28T17:55:14,LOWER,5.00,20.542
1782665718.683,2026-06-28T17:55:18,HIGHER,0.00,82.581
1782665722.735,2026-06-28T17:55:22,LOWER,5.00,35.528
1782665726.825,2026-06-28T17:55:26,HIGHER,0.00,28.521
1782665730.923,2026-06-28T17:55:30,LOWER,5.00,26.774
1782665734.936,2026-06-28T17:55:34,HIGHER,0.00,38.295
1782665738.999,2026-06-28T17:55:38,LOWER,5.00,3.432
1782665743.469,2026-06-28T17:55:43,HIGHER,0.00,378.287
1782665747.617,2026-06-28T17:55:47,LOWER,5.00,433.593
1782665751.628,2026-06-28T17:55:51,LOWER,10.00,388.883
1782665755.696,2026-06-28T17:55:55,HIGHER,0.00,357.986
1782665760.092,2026-06-28T17:56:00,LOWER,5.00,758.100
1782665763.802,2026-06-28T17:56:03,HIGHER,0.00,374.992
1782665767.863,2026-06-28T17:56:07,LOWER,5.00,331.960
1782665771.947,2026-06-28T17:56:11,HIGHER,0.00,424.032
1782665775.939,2026-06-28T17:56:15,LOWER,5.00,314.497
1782665779.996,2026-06-28T17:56:19,HIGHER,0.00,281.579
1782665784.055,2026-06-28T17:56:24,LOWER,5.00,280.051
1782665788.145,2026-06-28T17:56:28,HIGHER,0.00,368.135
1782665792.129,2026-06-28T17:56:32,LOWER,5.00,260.068
1782665796.176,2026-06-28T17:56:36,HIGHER,0.00,204.514
1782665800.335,2026-06-28T17:56:40,LOWER,5.00,274.169
1782665804.420,2026-06-28T17:56:44,HIGHER,0.00,262.902
1782665808.463,2026-06-28T17:56:48,LOWER,5.00,211.294
1782665812.449,2026-06-28T17:56:52,HIGHER,0.00,99.659
1782665816.529,2026-06-28T17:56:56,LOWER,5.00,80.732
1782665820.592,2026-06-28T17:57:00,HIGHER,0.00,179.196
1782665824.676,2026-06-28T17:57:04,LOWER,5.00,166.706
1782665828.672,2026-06-28T17:57:08,HIGHER,0.00,65.110
1782665832.774,2026-06-28T17:57:12,LOWER,5.00,74.054
1782665836.822,2026-06-28T17:57:16,LOWER,10.00,24.946
1782665841.291,2026-06-28T17:57:21,HIGHER,0.00,489.774
1782665844.922,2026-06-28T17:57:24,LOWER,5.00,24.751
1782665849.438,2026-06-28T17:57:29,HIGHER,0.00,437.627
1782665853.050,2026-06-28T17:57:33,HIGHER,-5.00,0.246
1782665853.455,2026-06-28T17:57:33,HIGHER,-10.00,396.884
1782665857.176,2026-06-28T17:57:37,LOWER,-5.00,121.572
1782665861.618,2026-06-28T17:57:41,LOWER,0.00,459.050
1782665865.240,2026-06-28T17:57:45,LOWER,5.00,89.787
1782665869.293,2026-06-28T17:57:49,HIGHER,0.00,51.666
1782665873.379,2026-06-28T17:57:53,LOWER,5.00,44.804
1782665877.461,2026-06-28T17:57:57,HIGHER,0.00,31.410
1782665881.883,2026-06-28T17:58:01,LOWER,5.00,358.131
1782665885.920,2026-06-28T17:58:05,HIGHER,0.00,349.808
1782665890.018,2026-06-28T17:58:10,LOWER,5.00,361.964
1782665894.122,2026-06-28T17:58:14,HIGHER,0.00,373.120
1782665898.132,2026-06-28T17:58:18,LOWER,5.00,292.930
1782665902.201,2026-06-28T17:58:22,HIGHER,0.00,272.998
1782665906.280,2026-06-28T17:58:26,LOWER,5.00,259.371
1782665910.317,2026-06-28T17:58:30,HIGHER,0.00,206.926
1782665914.394,2026-06-28T17:58:34,LOWER,5.00,184.961
1782665918.391,2026-06-28T17:58:38,HIGHER,0.00,81.818
1782665922.438,2026-06-28T17:58:42,LOWER,5.00,39.686
1782665926.525,2026-06-28T17:58:46,HIGHER,0.00,80.793
1782665930.586,2026-06-28T17:58:50,LOWER,5.00,49.128
1782665935.017,2026-06-28T17:58:55,HIGHER,0.00,381.584
1782665939.039,2026-06-28T17:58:59,LOWER,5.00,303.671
1782665943.126,2026-06-28T17:59:03,HIGHER,0.00,396.206
1782665947.187,2026-06-28T17:59:07,LOWER,5.00,370.294
1782665951.235,2026-06-28T17:59:11,HIGHER,0.00,321.812
1782665955.721,2026-06-28T17:59:15,LOWER,5.00,715.765
1782665959.351,2026-06-28T17:59:19,HIGHER,0.00,251.704
1782665963.427,2026-06-28T17:59:23,HIGHER,-10.00,276.056
1782665967.530,2026-06-28T17:59:27,LOWER,-5.00,289.613
1782665971.553,2026-06-28T17:59:31,LOWER,0.00,222.627
1782665975.632,2026-06-28T17:59:35,LOWER,5.00,207.596
1782665979.701,2026-06-28T17:59:39,HIGHER,0.00,274.080
1782665983.775,2026-06-28T17:59:43,LOWER,5.00,252.086
1782665987.781,2026-06-28T17:59:47,HIGHER,0.00,258.362
1782665991.882,2026-06-28T17:59:51,LOWER,5.00,259.666
1782665996.378,2026-06-28T17:59:56,LOWER,10.00,695.492
1782665999.688,2026-06-28T17:59:59,HIGHER,0.00,0.364
1782666003.704,2026-06-28T18:00:03,LOWER,5.00,20.999
1782666008.156,2026-06-28T18:00:08,HIGHER,0.00,382.901
1782666012.206,2026-06-28T18:00:12,LOWER,5.00,341.862
1782666016.276,2026-06-28T18:00:16,HIGHER,0.00,323.837
1782666020.334,2026-06-28T18:00:20,LOWER,5.00,289.642
1782666024.346,2026-06-28T18:00:24,HIGHER,0.00,207.581
1782666028.417,2026-06-28T18:00:28,LOWER,5.00,232.402
1782666032.473,2026-06-28T18:00:32,HIGHER,0.00,196.295
1782666036.554,2026-06-28T18:00:36,LOWER,5.00,181.884
1782666040.592,2026-06-28T18:00:40,HIGHER,0.00,125.674
1782666044.677,2026-06-28T18:00:44,LOWER,5.00,114.554
1782666048.751,2026-06-28T18:00:48,HIGHER,0.00,96.182
1782666052.805,2026-06-28T18:00:52,LOWER,5.00,51.276
1782666057.310,2026-06-28T18:00:57,HIGHER,0.00,457.280
1782666061.238,2026-06-28T18:01:01,LOWER,5.00,292.212
1782666065.332,2026-06-28T18:01:05,HIGHER,0.00,288.587
1782666069.377,2026-06-28T18:01:09,LOWER,5.00,287.112
1782666073.501,2026-06-28T18:01:13,HIGHER,0.00,322.739
1782666077.559,2026-06-28T18:01:17,LOWER,5.00,287.973
1782666081.597,2026-06-28T18:01:21,LOWER,10.00,229.189
1782666086.140,2026-06-28T18:01:26,HIGHER,0.00,681.482
1782666089.770,2026-06-28T18:01:29,HIGHER,-10.00,216.038
1782666093.838,2026-06-28T18:01:33,LOWER,-5.00,291.656
1782666097.865,2026-06-28T18:01:37,LOWER,0.00,219.168
1782666101.979,2026-06-28T18:01:41,LOWER,5.00,236.052
1782666106.044,2026-06-28T18:01:46,LOWER,10.00,347.808
1782666110.154,2026-06-28T18:01:50,HIGHER,0.00,368.489
1782666114.592,2026-06-28T18:01:54,LOWER,5.00,716.953
1782666118.286,2026-06-28T18:01:58,HIGHER,0.00,316.224
1782666122.349,2026-06-28T18:02:02,LOWER,5.00,280.075
1782666126.440,2026-06-28T18:02:06,HIGHER,0.00,278.545
1782666130.441,2026-06-28T18:02:10,LOWER,5.00,189.208
1782666134.459,2026-06-28T18:02:14,HIGHER,0.00,109.430
1782666138.598,2026-06-28T18:02:18,LOWER,5.00,155.490
1782666142.744,2026-06-28T18:02:22,HIGHER,0.00,252.016
1782666146.901,2026-06-28T18:02:26,LOWER,5.00,318.058
1782666151.282,2026-06-28T18:02:31,HIGHER,0.00,608.510
1782666154.963,2026-06-28T18:02:34,LOWER,5.00,189.240
1782666159.019,2026-06-28T18:02:39,HIGHER,0.00,146.120
1782666163.046,2026-06-28T18:02:43,LOWER,5.00,71.619
1782666167.100,2026-06-28T18:02:47,HIGHER,0.00,127.828
1782666171.093,2026-06-28T18:02:51,LOWER,5.00,22.193
1782666175.183,2026-06-28T18:02:55,HIGHER,0.00,17.269
1782666179.612,2026-06-28T18:02:59,LOWER,5.00,395.458
1782666183.701,2026-06-28T18:03:03,HIGHER,0.00,393.386
1782666187.714,2026-06-28T18:03:07,LOWER,5.00,319.960
1782666191.785,2026-06-28T18:03:11,HIGHER,0.00,297.243
1782666273.377,2026-06-28T18:04:33,HIGHER,-5.00,255.289
1782666277.421,2026-06-28T18:04:37,HIGHER,-10.00,202.125
1782666297.943,2026-06-28T18:04:57,HIGHER,-15.00,280.584
1782666302.000,2026-06-28T18:05:01,HIGHER,-20.00,288.909
1782666306.045,2026-06-28T18:05:06,HIGHER,-20.00,233.812
1782666310.527,2026-06-28T18:05:10,HIGHER,-20.00,615.293
1782666314.201,2026-06-28T18:05:14,HIGHER,-20.00,191.808
1782666318.246,2026-06-28T18:05:18,HIGHER,-20.00,139.449
1782666322.666,2026-06-28T18:05:22,HIGHER,-20.00,554.140
1782666326.349,2026-06-28T18:05:26,HIGHER,-20.00,238.250
1782666330.380,2026-06-28T18:05:30,HIGHER,-20.00,173.066
1782666334.399,2026-06-28T18:05:34,HIGHER,-20.00,142.047
1782666359.118,2026-06-28T18:05:59,HIGHER,-20.00,326.713
1782666363.240,2026-06-28T18:06:03,HIGHER,-20.00,345.175
1782666367.208,2026-06-28T18:06:07,HIGHER,-20.00,210.714
1782666371.263,2026-06-28T18:06:11,HIGHER,-20.00,164.563
1782666375.372,2026-06-28T18:06:15,HIGHER,-20.00,321.492
1782666379.389,2026-06-28T18:06:19,HIGHER,-20.00,244.658
1782666384.278,2026-06-28T18:06:24,HIGHER,-20.00,1035.892
1782666387.428,2026-06-28T18:06:27,HIGHER,-20.00,89.380
1782666391.521,2026-06-28T18:06:31,HIGHER,-20.00,82.681
1782666395.529,2026-06-28T18:06:35,HIGHER,-20.00,89.731
1782666420.181,2026-06-28T18:07:00,HIGHER,-20.00,247.842
1782666424.226,2026-06-28T18:07:04,HIGHER,-20.00,192.727
1782666428.267,2026-06-28T18:07:08,HIGHER,-20.00,132.074
1782666432.317,2026-06-28T18:07:12,HIGHER,-20.00,181.162
1782666436.398,2026-06-28T18:07:16,HIGHER,-20.00,162.213
1782666440.423,2026-06-28T18:07:20,HIGHER,-20.00,79.731
1782666444.382,2026-06-28T18:07:24,HIGHER,-20.00,78.315
1782666448.453,2026-06-28T18:07:28,HIGHER,-20.00,159.127
1782666452.499,2026-06-28T18:07:32,HIGHER,-20.00,105.412
1782666477.209,2026-06-28T18:07:57,HIGHER,-20.00,326.470
1782666481.236,2026-06-28T18:08:01,HIGHER,-20.00,258.837
1782666485.293,2026-06-28T18:08:05,HIGHER,-20.00,226.714
1782666489.349,2026-06-28T18:08:09,HIGHER,-20.00,184.492
1782666493.322,2026-06-28T18:08:13,HIGHER,-20.00,59.786
1782666497.741,2026-06-28T18:08:17,HIGHER,-20.00,381.940
1782666502.240,2026-06-28T18:08:22,HIGHER,-20.00,780.132
1782666505.485,2026-06-28T18:08:25,HIGHER,-20.00,26.255
1782666509.601,2026-06-28T18:08:29,HIGHER,-20.00,45.698
1782666513.959,2026-06-28T18:08:33,HIGHER,-20.00,354.895
1782666538.500,2026-06-28T18:08:58,HIGHER,-20.00,366.398
1782666542.934,2026-06-28T18:09:02,HIGHER,-20.00,707.357
1782666546.978,2026-06-28T18:09:06,HIGHER,-20.00,660.032
1782666550.631,2026-06-28T18:09:10,HIGHER,-20.00,211.852
1782666554.640,2026-06-28T18:09:14,HIGHER,-20.00,267.268
1782666558.703,2026-06-28T18:09:18,HIGHER,-20.00,229.586
1782666562.754,2026-06-28T18:09:22,HIGHER,-20.00,281.348
1782666566.789,2026-06-28T18:09:26,HIGHER,-20.00,226.678
1782666570.807,2026-06-28T18:09:30,HIGHER,-20.00,144.905
1782666574.824,2026-06-28T18:09:34,HIGHER,-20.00,61.385
1782666599.634,2026-06-28T18:09:59,HIGHER,-20.00,369.804
1782666603.662,2026-06-28T18:10:03,HIGHER,-20.00,298.906
1782666608.168,2026-06-28T18:10:08,HIGHER,-20.00,804.377
1782666611.713,2026-06-28T18:10:11,HIGHER,-20.00,250.652
1782666615.837,2026-06-28T18:10:15,HIGHER,-20.00,271.872
1782666619.825,2026-06-28T18:10:19,HIGHER,-20.00,163.941
1782666623.883,2026-06-28T18:10:23,HIGHER,-20.00,168.224
1782666627.847,2026-06-28T18:10:27,HIGHER,-20.00,34.901
1782666631.913,2026-06-28T18:10:31,HIGHER,-20.00,0.196
1782666635.950,2026-06-28T18:10:35,HIGHER,-20.00,34.967
1782666656.504,2026-06-28T18:10:56,HIGHER,-20.00,121.923
1782666660.545,2026-06-28T18:11:00,HIGHER,-20.00,104.402
1782666665.305,2026-06-28T18:11:05,HIGHER,-20.00,771.285
1782666668.975,2026-06-28T18:11:08,HIGHER,-20.00,339.986
1782666673.021,2026-06-28T18:11:13,HIGHER,-20.00,386.887
1782666677.076,2026-06-28T18:11:17,HIGHER,-20.00,433.153
1782666680.693,2026-06-28T18:11:20,HIGHER,-20.00,50.110
1782666685.110,2026-06-28T18:11:25,HIGHER,-20.00,368.145
1782666689.185,2026-06-28T18:11:29,HIGHER,-20.00,390.590
1782666693.203,2026-06-28T18:11:33,HIGHER,-20.00,310.170
1782666717.505,2026-06-28T18:11:57,HIGHER,-20.00,58.826
1782666721.880,2026-06-28T18:12:01,HIGHER,-20.00,340.170
1782666726.011,2026-06-28T18:12:06,HIGHER,-20.00,376.064
1782666729.968,2026-06-28T18:12:09,HIGHER,-20.00,278.388
1782666734.057,2026-06-28T18:12:14,HIGHER,-20.00,264.091
1782666738.069,2026-06-28T18:12:18,HIGHER,-20.00,274.069
1782666742.086,2026-06-28T18:12:22,HIGHER,-20.00,283.231
1782666746.119,2026-06-28T18:12:26,HIGHER,-20.00,318.901
1782666750.160,2026-06-28T18:12:30,HIGHER,-20.00,264.011
1782666754.203,2026-06-28T18:12:34,HIGHER,-20.00,200.255
1782666766.279,2026-06-28T18:12:46,LOWER,-15.00,34.591
1782666770.335,2026-06-28T18:12:50,LOWER,-10.00,87.946
1782666774.350,2026-06-28T18:12:54,LOWER,-5.00,100.547
1782666778.383,2026-06-28T18:12:58,LOWER,0.00,32.088
1782666782.807,2026-06-28T18:13:02,LOWER,5.00,360.064
1782666786.845,2026-06-28T18:13:06,LOWER,10.00,294.858
1782666790.850,2026-06-28T18:13:10,LOWER,15.00,244.311
1782666794.863,2026-06-28T18:13:14,LOWER,20.00,160.018
1782666798.931,2026-06-28T18:13:18,LOWER,25.00,224.236
1782666802.940,2026-06-28T18:13:22,LOWER,30.00,239.056
1782666806.926,2026-06-28T18:13:26,LOWER,35.00,123.684
1782666810.935,2026-06-28T18:13:30,LOWER,40.00,129.429
1782666814.970,2026-06-28T18:13:34,LOWER,45.00,55.597
1782666819.017,2026-06-28T18:13:39,LOWER,50.00,153.936
1782666823.585,2026-06-28T18:13:43,HIGHER,40.00,621.550
1782666827.132,2026-06-28T18:13:47,HIGHER,30.00,164.882
1782666831.588,2026-06-28T18:13:51,HIGHER,20.00,616.177
1782666835.248,2026-06-28T18:13:55,HIGHER,10.00,269.901
1782666839.288,2026-06-28T18:13:59,HIGHER,0.00,206.810
1782666843.328,2026-06-28T18:14:03,HIGHER,-10.00,290.134
1782666847.350,2026-06-28T18:14:07,LOWER,-5.00,214.673
1782666851.401,2026-06-28T18:14:11,LOWER,0.00,265.180
1782666855.473,2026-06-28T18:14:15,LOWER,5.00,241.471
1782666859.494,2026-06-28T18:14:19,HIGHER,0.00,260.037
1782666863.474,2026-06-28T18:14:23,LOWER,5.00,143.213
1782666867.548,2026-06-28T18:14:27,HIGHER,0.00,115.150
1782666871.989,2026-06-28T18:14:31,HIGHER,-10.00,594.958
1782666875.648,2026-06-28T18:14:35,LOWER,-5.00,255.748
1782666879.619,2026-06-28T18:14:39,LOWER,0.00,222.175
1782666883.641,2026-06-28T18:14:43,LOWER,5.00,241.758
1782666887.708,2026-06-28T18:14:47,HIGHER,0.00,207.904
1782666891.763,2026-06-28T18:14:51,LOWER,5.00,160.988
1782666895.772,2026-06-28T18:14:55,HIGHER,0.00,123.025
1782666899.768,2026-06-28T18:14:59,LOWER,5.00,17.388
1782666904.599,2026-06-28T18:15:04,HIGHER,0.00,751.436
1782666908.249,2026-06-28T18:15:08,LOWER,5.00,295.462
1782666912.275,2026-06-28T18:15:12,HIGHER,0.00,329.535
1782666916.272,2026-06-28T18:15:16,LOWER,5.00,232.852
1782666920.282,2026-06-28T18:15:20,HIGHER,0.00,147.648
1782666924.297,2026-06-28T18:15:24,LOWER,5.00,69.892
1782666928.387,2026-06-28T18:15:28,HIGHER,0.00,59.291
1782666932.845,2026-06-28T18:15:32,LOWER,5.00,465.956
1782666936.766,2026-06-28T18:15:36,HIGHER,0.00,287.053
1782666941.248,2026-06-28T18:15:41,LOWER,5.00,673.315
1782666944.844,2026-06-28T18:15:44,LOWER,10.00,175.442
1782666948.979,2026-06-28T18:15:48,HIGHER,0.00,209.813
1782666953.382,2026-06-28T18:15:53,LOWER,5.00,512.120
1782666957.012,2026-06-28T18:15:57,LOWER,10.00,53.302
1782666961.417,2026-06-28T18:16:01,HIGHER,0.00,360.698
1782666965.454,2026-06-28T18:16:05,LOWER,5.00,301.584
1782666969.556,2026-06-28T18:16:09,HIGHER,0.00,307.741
1782666973.534,2026-06-28T18:16:13,HIGHER,-10.00,234.210
1782666977.588,2026-06-28T18:16:17,LOWER,-5.00,194.910
1782666981.649,2026-06-28T18:16:21,LOWER,0.00,155.447
1782666986.044,2026-06-28T18:16:26,LOWER,5.00,548.797
1782666989.607,2026-06-28T18:16:29,HIGHER,0.00,15.697
1782666994.074,2026-06-28T18:16:34,LOWER,5.00,390.779
1782666998.487,2026-06-28T18:16:38,HIGHER,0.00,709.361
1782667002.155,2026-06-28T18:16:42,LOWER,5.00,272.587
1782667006.555,2026-06-28T18:16:46,HIGHER,0.00,573.944
1782667010.152,2026-06-28T18:16:50,LOWER,5.00,122.115
1782667014.222,2026-06-28T18:16:54,HIGHER,0.00,94.675
1782667018.236,2026-06-28T18:16:58,LOWER,5.00,12.713
1782667022.706,2026-06-28T18:17:02,HIGHER,0.00,388.464
1782667026.659,2026-06-28T18:17:06,LOWER,5.00,249.255
1782667030.713,2026-06-28T18:17:10,HIGHER,0.00,299.197
1782667034.725,2026-06-28T18:17:14,LOWER,5.00,320.027
1782667038.753,2026-06-28T18:17:18,HIGHER,0.00,252.991
1782667042.790,2026-06-28T18:17:22,LOWER,5.00,243.411
1782667046.763,2026-06-28T18:17:26,HIGHER,0.00,124.278
1782667051.251,2026-06-28T18:17:31,LOWER,5.00,515.759
1782667055.273,2026-06-28T18:17:35,HIGHER,0.00,440.220
1782667058.964,2026-06-28T18:17:38,LOWER,5.00,29.336
1782667062.950,2026-06-28T18:17:42,HIGHER,0.00,16.569
1782667067.402,2026-06-28T18:17:47,LOWER,5.00,370.992
1782667071.832,2026-06-28T18:17:51,HIGHER,0.00,706.468
1782667075.501,2026-06-28T18:17:55,LOWER,5.00,274.214
1782667079.516,2026-06-28T18:17:59,LOWER,10.00,337.809
1782667083.501,2026-06-28T18:18:03,HIGHER,0.00,210.770
1782667087.553,2026-06-28T18:18:07,HIGHER,-10.00,260.903
1782667091.537,2026-06-28T18:18:11,LOWER,-5.00,250.855
1782667095.607,2026-06-28T18:18:15,LOWER,0.00,218.489
1782667099.588,2026-06-28T18:18:19,LOWER,5.00,97.017
1782667103.673,2026-06-28T18:18:23,HIGHER,0.00,79.201
1782667107.665,2026-06-28T18:18:27,HIGHER,-10.00,110.826
1782667111.781,2026-06-28T18:18:31,LOWER,-5.00,226.476
1782667115.782,2026-06-28T18:18:35,LOWER,0.00,127.707
1782667119.742,2026-06-28T18:18:39,LOWER,5.00,83.884
1782667123.799,2026-06-28T18:18:43,HIGHER,0.00,139.450
1782667127.814,2026-06-28T18:18:47,LOWER,5.00,55.168
1782667131.905,2026-06-28T18:18:51,LOWER,10.00,89.796
1782667135.869,2026-06-28T18:18:55,HIGHER,0.00,41.572
1782667139.887,2026-06-28T18:18:59,LOWER,5.00,63.380
1782667144.347,2026-06-28T18:19:04,HIGHER,0.00,426.621
1782667148.381,2026-06-28T18:19:08,LOWER,5.00,358.425
1782667152.446,2026-06-28T18:19:12,HIGHER,0.00,423.898
1782667156.417,2026-06-28T18:19:16,LOWER,5.00,296.253
1782667160.484,2026-06-28T18:19:20,HIGHER,0.00,303.138
1782667164.998,2026-06-28T18:19:24,LOWER,5.00,813.857
1782667168.663,2026-06-28T18:19:28,HIGHER,0.00,379.660
1782667172.689,2026-06-28T18:19:32,LOWER,5.00,402.065
1782667176.690,2026-06-28T18:19:36,HIGHER,0.00,405.676
1782667180.724,2026-06-28T18:19:40,LOWER,5.00,342.204
1782667184.764,2026-06-28T18:19:44,HIGHER,0.00,289.013
1782667188.816,2026-06-28T18:19:48,LOWER,5.00,288.944
1782667193.181,2026-06-28T18:19:53,HIGHER,0.00,558.056
1782667196.840,2026-06-28T18:19:56,LOWER,5.00,214.619
1782667200.940,2026-06-28T18:20:00,HIGHER,0.00,318.560
1782667205.368,2026-06-28T18:20:05,LOWER,5.00,646.338
1782667208.964,2026-06-28T18:20:08,HIGHER,0.00,143.250
1782667213.021,2026-06-28T18:20:13,LOWER,5.00,103.815
1782667217.036,2026-06-28T18:20:17,HIGHER,0.00,17.140
1782667221.098,2026-06-28T18:20:21,LOWER,5.00,122.737
1782667225.083,2026-06-28T18:20:25,HIGHER,0.00,108.003
1782667229.158,2026-06-28T18:20:29,LOWER,5.00,183.090
1782667233.196,2026-06-28T18:20:33,HIGHER,0.00,126.694
1782667237.251,2026-06-28T18:20:37,LOWER,5.00,84.925
1782667242.096,2026-06-28T18:20:42,HIGHER,0.00,825.950
1782667245.689,2026-06-28T18:20:45,LOWER,5.00,317.546
1782667249.726,2026-06-28T18:20:49,LOWER,10.00,303.011
1782667253.771,2026-06-28T18:20:53,HIGHER,0.00,249.122
1782667257.808,2026-06-28T18:20:57,HIGHER,-10.00,190.226
1782667261.789,2026-06-28T18:21:01,LOWER,-5.00,74.389
1782667266.227,2026-06-28T18:21:06,LOWER,0.00,416.284
1782667270.250,2026-06-28T18:21:10,LOWER,5.00,346.649
1782667274.287,2026-06-28T18:21:14,HIGHER,0.00,288.655
1782667278.358,2026-06-28T18:21:18,LOWER,5.00,256.391
1782667282.311,2026-06-28T18:21:22,HIGHER,0.00,110.523
1782667286.350,2026-06-28T18:21:26,LOWER,5.00,56.315
1782667290.389,2026-06-28T18:21:30,HIGHER,0.00,50.713
1782667294.468,2026-06-28T18:21:34,LOWER,5.00,26.024
1782667298.796,2026-06-28T18:21:38,HIGHER,0.00,258.746
1782667302.891,2026-06-28T18:21:42,LOWER,5.00,258.393
1782667306.830,2026-06-28T18:21:46,HIGHER,0.00,99.941
1782667310.941,2026-06-28T18:21:50,LOWER,5.00,118.570
1782667315.314,2026-06-28T18:21:55,HIGHER,0.00,391.700
1782667319.284,2026-06-28T18:21:59,LOWER,5.00,263.672
1782667323.723,2026-06-28T18:22:03,HIGHER,0.00,603.882
1782667327.363,2026-06-28T18:22:07,LOWER,5.00,153.489
1782667331.834,2026-06-28T18:22:11,HIGHER,0.00,579.218
1782667335.485,2026-06-28T18:22:15,HIGHER,-10.00,131.290
1782667339.485,2026-06-28T18:22:19,LOWER,-5.00,130.667
1782667343.527,2026-06-28T18:22:23,LOWER,0.00,72.124
1782667347.561,2026-06-28T18:22:27,LOWER,5.00,10.577
1782667351.981,2026-06-28T18:22:31,HIGHER,0.00,329.959
1782667355.997,2026-06-28T18:22:35,LOWER,5.00,354.679
1782667360.023,2026-06-28T18:22:40,HIGHER,0.00,260.718
1782667364.103,2026-06-28T18:22:44,LOWER,5.00,282.564
1782667368.158,2026-06-28T18:22:48,LOWER,10.00,288.788
1782667372.181,2026-06-28T18:22:52,HIGHER,0.00,216.470
1782667376.198,2026-06-28T18:22:56,LOWER,5.00,140.507
1782667380.457,2026-06-28T18:23:00,HIGHER,0.00,306.786
1782667384.519,2026-06-28T18:23:04,LOWER,5.00,279.013
1782667388.539,2026-06-28T18:23:08,HIGHER,0.00,204.064
1782667392.539,2026-06-28T18:23:12,LOWER,5.00,112.520
1782667396.954,2026-06-28T18:23:16,HIGHER,0.00,430.662
1782667400.627,2026-06-28T18:23:20,LOWER,5.00,5.174
1782667405.022,2026-06-28T18:23:25,HIGHER,0.00,298.655
1782667409.019,2026-06-28T18:23:29,LOWER,5.00,346.064
1782667413.039,2026-06-28T18:23:33,HIGHER,0.00,268.096
1782667417.053,2026-06-28T18:23:37,LOWER,5.00,183.290
1782667421.192,2026-06-28T18:23:41,HIGHER,0.00,317.354
1782667425.187,2026-06-28T18:23:45,LOWER,5.00,315.406
1782667429.153,2026-06-28T18:23:49,HIGHER,0.00,183.073
1782667433.180,2026-06-28T18:23:53,LOWER,5.00,111.627
1782667437.206,2026-06-28T18:23:57,HIGHER,0.00,84.916
1782667441.236,2026-06-28T18:24:01,LOWER,5.00,13.377
1782667445.262,2026-06-28T18:24:05,HIGHER,0.00,35.082
1782667449.253,2026-06-28T18:24:09,LOWER,5.00,18.893
1782667453.314,2026-06-28T18:24:13,HIGHER,0.00,80.122
1782667457.731,2026-06-28T18:24:17,LOWER,5.00,395.709
1782667461.796,2026-06-28T18:24:21,HIGHER,0.00,360.451
1782667465.777,2026-06-28T18:24:25,LOWER,5.00,293.079
1782667469.821,2026-06-28T18:24:29,LOWER,10.00,248.750
1782667473.920,2026-06-28T18:24:33,HIGHER,0.00,250.597
1782667477.911,2026-06-28T18:24:37,HIGHER,-10.00,139.039
1782667481.954,2026-06-28T18:24:41,LOWER,-5.00,188.759
1782667485.967,2026-06-28T18:24:45,LOWER,0.00,108.050
1782667490.434,2026-06-28T18:24:50,LOWER,5.00,480.455
1782667494.078,2026-06-28T18:24:54,HIGHER,0.00,27.024
1782667498.546,2026-06-28T18:24:58,LOWER,5.00,391.308
1782667502.930,2026-06-28T18:25:02,LOWER,10.00,826.294
1782667506.560,2026-06-28T18:25:06,HIGHER,0.00,359.443
1782667510.579,2026-06-28T18:25:10,LOWER,5.00,290.725
1782667514.608,2026-06-28T18:25:14,HIGHER,0.00,226.032
1782667518.597,2026-06-28T18:25:18,LOWER,5.00,115.923
1782667522.614,2026-06-28T18:25:22,HIGHER,0.00,35.810
1782667526.685,2026-06-28T18:25:26,LOWER,5.00,7.606
1782667531.079,2026-06-28T18:25:31,HIGHER,0.00,310.339
1782667535.116,2026-06-28T18:25:35,LOWER,5.00,252.828
1782667539.133,2026-06-28T18:25:39,HIGHER,0.00,224.952
1782667543.173,2026-06-28T18:25:43,LOWER,5.00,170.309
1782667547.222,2026-06-28T18:25:47,HIGHER,0.00,117.374
1782667551.268,2026-06-28T18:25:51,LOWER,5.00,162.010
1782667555.319,2026-06-28T18:25:55,HIGHER,0.00,209.343
1782667559.301,2026-06-28T18:25:59,LOWER,5.00,97.894
1782667563.386,2026-06-28T18:26:03,HIGHER,0.00,83.754
1782667567.427,2026-06-28T18:26:07,LOWER,5.00,31.532
1782667571.896,2026-06-28T18:26:11,HIGHER,0.00,442.266
1782667576.311,2026-06-28T18:26:16,LOWER,5.00,855.765
1782667579.482,2026-06-28T18:26:19,LOWER,10.00,26.760
1782667583.554,2026-06-28T18:26:23,HIGHER,0.00,94.091
1782667587.576,2026-06-28T18:26:27,LOWER,5.00,115.829
1782667591.611,2026-06-28T18:26:31,HIGHER,0.00,46.180
1782667595.616,2026-06-28T18:26:35,LOWER,5.00,93.359
1782667599.698,2026-06-28T18:26:39,HIGHER,0.00,172.232
1782667604.109,2026-06-28T18:26:44,LOWER,5.00,581.734
1782667607.734,2026-06-28T18:26:47,HIGHER,0.00,114.326
1782667612.159,2026-06-28T18:26:52,LOWER,5.00,440.154
1782667615.945,2026-06-28T18:26:55,HIGHER,0.00,125.833
1782667620.009,2026-06-28T18:27:00,LOWER,5.00,88.812
1782667624.009,2026-06-28T18:27:04,LOWER,10.00,37.498
1782667628.443,2026-06-28T18:27:08,HIGHER,0.00,371.024
1782667632.461,2026-06-28T18:27:12,HIGHER,-10.00,289.808
1782667636.491,2026-06-28T18:27:16,LOWER,-5.00,325.320
1782667640.525,2026-06-28T18:27:20,LOWER,0.00,261.897
1782667644.546,2026-06-28T18:27:24,LOWER,5.00,184.386
1782667648.517,2026-06-28T18:27:28,HIGHER,0.00,156.402
1782667652.545,2026-06-28T18:27:32,LOWER,5.00,85.942
1782667656.604,2026-06-28T18:27:36,LOWER,10.00,188.493
1782667660.628,2026-06-28T18:27:40,HIGHER,0.00,111.864
1782667664.632,2026-06-28T18:27:44,LOWER,5.00,13.236
1782667668.688,2026-06-28T18:27:48,HIGHER,0.00,68.954
1782667673.150,2026-06-28T18:27:53,LOWER,5.00,438.097
1782667677.184,2026-06-28T18:27:57,HIGHER,0.00,374.948
1782667681.149,2026-06-28T18:28:01,LOWER,5.00,241.904
1782667685.153,2026-06-28T18:28:05,HIGHER,0.00,149.943
1782667689.178,2026-06-28T18:28:09,LOWER,5.00,120.570
1782667693.233,2026-06-28T18:28:13,HIGHER,0.00,77.870
1782667697.660,2026-06-28T18:28:17,LOWER,5.00,503.533
1782667701.654,2026-06-28T18:28:21,HIGHER,0.00,403.022
1782667705.680,2026-06-28T18:28:25,LOWER,5.00,332.274
1782667709.695,2026-06-28T18:28:29,HIGHER,0.00,254.211
1782667713.725,2026-06-28T18:28:33,LOWER,5.00,182.097
1782667717.757,2026-06-28T18:28:37,HIGHER,0.00,116.344
1782667721.767,2026-06-28T18:28:41,LOWER,5.00,25.585
1782667725.814,2026-06-28T18:28:45,HIGHER,0.00,116.049
1782667729.839,2026-06-28T18:28:49,LOWER,5.00,139.891
1782667733.917,2026-06-28T18:28:53,HIGHER,0.00,217.830
1782667737.824,2026-06-28T18:28:57,LOWER,5.00,21.660
1782667741.967,2026-06-28T18:29:01,HIGHER,0.00,168.406
1782667746.398,2026-06-28T18:29:06,LOWER,5.00,504.538
1782667750.067,2026-06-28T18:29:10,LOWER,10.00,119.583
1782667754.046,2026-06-28T18:29:14,HIGHER,0.00,93.768
1782667758.484,2026-06-28T18:29:18,LOWER,5.00,433.764
1782667762.528,2026-06-28T18:29:22,HIGHER,0.00,387.944
1782667766.588,2026-06-28T18:29:26,LOWER,5.00,356.034
1782667770.601,2026-06-28T18:29:30,HIGHER,0.00,265.819
1782667774.603,2026-06-28T18:29:34,LOWER,5.00,168.663
1782667778.641,2026-06-28T18:29:38,HIGHER,0.00,104.880
1782667782.661,2026-06-28T18:29:42,LOWER,5.00,22.089
1782667786.713,2026-06-28T18:29:46,LOWER,10.00,118.683
1782667790.670,2026-06-28T18:29:50,HIGHER,0.00,66.580
1782667794.707,2026-06-28T18:29:54,LOWER,5.00,105.052
1782667798.802,2026-06-28T18:29:58,HIGHER,0.00,198.490
1782667802.832,2026-06-28T18:30:02,LOWER,5.00,126.704
1782667807.642,2026-06-28T18:30:07,HIGHER,0.00,843.200
1782667811.180,2026-06-28T18:30:11,HIGHER,-10.00,328.925
1782667814.862,2026-06-28T18:30:14,LOWER,-5.00,13.495
1782667819.243,2026-06-28T18:30:19,LOWER,0.00,299.114
1782667823.270,2026-06-28T18:30:23,LOWER,5.00,234.573
1782667827.649,2026-06-28T18:30:27,HIGHER,0.00,514.516
1782667831.300,2026-06-28T18:30:31,LOWER,5.00,68.751
1782667836.152,2026-06-28T18:30:36,HIGHER,0.00,820.350
1782667839.766,2026-06-28T18:30:39,LOWER,5.00,331.021
1782667843.802,2026-06-28T18:30:43,HIGHER,0.00,266.736
1782667847.774,2026-06-28T18:30:47,LOWER,5.00,191.486
1782667851.831,2026-06-28T18:30:51,HIGHER,0.00,150.514
1782667856.287,2026-06-28T18:30:56,LOWER,5.00,608.686
1782667859.915,2026-06-28T18:30:59,HIGHER,0.00,134.898
1782667863.884,2026-06-28T18:31:03,LOWER,5.00,4.630
1782667867.943,2026-06-28T18:31:07,HIGHER,0.00,59.430
1782667872.427,2026-06-28T18:31:12,LOWER,5.00,444.521
1782667876.464,2026-06-28T18:31:16,HIGHER,0.00,378.463
1782667880.076,2026-06-28T18:31:20,LOWER,5.00,33.477
1782667884.490,2026-06-28T18:31:24,HIGHER,0.00,350.206
1782667888.556,2026-06-28T18:31:28,LOWER,5.00,416.118
1782667892.506,2026-06-28T18:31:32,HIGHER,0.00,270.893
1782667896.560,2026-06-28T18:31:36,LOWER,5.00,320.992
1782667900.957,2026-06-28T18:31:40,HIGHER,0.00,618.579
1782667904.613,2026-06-28T18:31:44,LOWER,5.00,180.143
1782667908.660,2026-06-28T18:31:48,HIGHER,0.00,170.445
1782667912.605,2026-06-28T18:31:52,LOWER,5.00,21.402
1782667917.434,2026-06-28T18:31:57,HIGHER,0.00,758.189
1782667921.015,2026-06-28T18:32:01,HIGHER,-10.00,243.238
1782667925.083,2026-06-28T18:32:05,LOWER,-5.00,308.350
1782667929.102,2026-06-28T18:32:09,LOWER,0.00,332.091
1782667933.131,2026-06-28T18:32:13,LOWER,5.00,269.163
1782667937.133,2026-06-28T18:32:17,HIGHER,0.00,173.990
1782667941.159,2026-06-28T18:32:21,HIGHER,-10.00,239.016
1782667945.193,2026-06-28T18:32:25,LOWER,-5.00,176.128
1782667949.182,2026-06-28T18:32:29,LOWER,0.00,69.276
1782667953.588,2026-06-28T18:32:33,LOWER,5.00,376.882
1782667958.043,2026-06-28T18:32:38,HIGHER,0.00,739.534
1782667961.688,2026-06-28T18:32:41,LOWER,5.00,290.809
1782667965.709,2026-06-28T18:32:45,HIGHER,0.00,210.308
1782667969.713,2026-06-28T18:32:49,LOWER,5.00,115.900
1782667973.771,2026-06-28T18:32:53,HIGHER,0.00,75.968
1782667977.795,2026-06-28T18:32:57,LOWER,5.00,148.000
1782667981.816,2026-06-28T18:33:01,HIGHER,0.00,71.097
1782667986.262,2026-06-28T18:33:06,LOWER,5.00,418.835
1782667990.231,2026-06-28T18:33:10,HIGHER,0.00,387.933
1782667994.271,2026-06-28T18:33:14,LOWER,5.00,329.818
1782667998.701,2026-06-28T18:33:18,HIGHER,0.00,754.115
1782668002.359,2026-06-28T18:33:22,LOWER,5.00,312.398
1782668006.373,2026-06-28T18:33:26,HIGHER,0.00,369.253
1782668010.375,2026-06-28T18:33:30,LOWER,5.00,278.124
1782668014.418,2026-06-28T18:33:34,HIGHER,0.00,223.318
1782668018.397,2026-06-28T18:33:38,LOWER,5.00,106.110
1782668022.486,2026-06-28T18:33:42,HIGHER,0.00,98.394
1782668026.920,2026-06-28T18:33:46,LOWER,5.00,440.696
1782668030.912,2026-06-28T18:33:50,HIGHER,0.00,336.328
1782668034.957,2026-06-28T18:33:54,LOWER,5.00,284.601
1782668038.980,2026-06-28T18:33:58,HIGHER,0.00,199.272
1782668042.991,2026-06-28T18:34:02,LOWER,5.00,160.601
1782668047.006,2026-06-28T18:34:07,LOWER,10.00,78.739
1782668051.033,2026-06-28T18:34:11,HIGHER,0.00,0.180
1782668055.068,2026-06-28T18:34:15,LOWER,5.00,34.801
1782668059.935,2026-06-28T18:34:19,HIGHER,0.00,808.630
1782668063.444,2026-06-28T18:34:23,LOWER,5.00,215.120
1782668067.667,2026-06-28T18:34:27,HIGHER,0.00,344.163
1782668071.640,2026-06-28T18:34:31,LOWER,5.00,214.910
1782668075.668,2026-06-28T18:34:35,HIGHER,0.00,141.482
1782668079.673,2026-06-28T18:34:39,LOWER,5.00,189.925
1782668083.701,2026-06-28T18:34:43,HIGHER,0.00,121.654
1782668087.779,2026-06-28T18:34:47,LOWER,5.00,99.202
1782668091.781,2026-06-28T18:34:51,HIGHER,0.00,99.319
1782668095.774,2026-06-28T18:34:55,LOWER,5.00,89.514
1782668100.148,2026-06-28T18:35:00,HIGHER,0.00,364.176
1782668104.235,2026-06-28T18:35:04,LOWER,5.00,348.326
1782668108.245,2026-06-28T18:35:08,HIGHER,0.00,302.107
1782668112.313,2026-06-28T18:35:12,LOWER,5.00,373.286
1782668116.342,2026-06-28T18:35:16,HIGHER,0.00,300.525
1782668120.319,2026-06-28T18:35:20,LOWER,5.00,184.201
1782668124.321,2026-06-28T18:35:24,HIGHER,0.00,85.993
1782668128.329,2026-06-28T18:35:28,LOWER,5.00,94.247
1782668132.814,2026-06-28T18:35:32,HIGHER,0.00,483.377
1782668136.859,2026-06-28T18:35:36,LOWER,5.00,426.445
1782668140.480,2026-06-28T18:35:40,HIGHER,0.00,97.302
1782668144.522,2026-06-28T18:35:44,LOWER,5.00,40.353
1782668148.491,2026-06-28T18:35:48,HIGHER,0.00,1.669
1782668152.527,2026-06-28T18:35:52,LOWER,5.00,40.126
1782668156.529,2026-06-28T18:35:56,HIGHER,0.00,42.136
1782668161.005,2026-06-28T18:36:01,LOWER,5.00,419.386
1782668165.058,2026-06-28T18:36:05,HIGHER,0.00,414.813
1782668169.089,2026-06-28T18:36:09,LOWER,5.00,347.877
1782668173.065,2026-06-28T18:36:13,HIGHER,0.00,322.289
1782668177.133,2026-06-28T18:36:17,LOWER,5.00,390.263
1782668180.781,2026-06-28T18:36:20,LOWER,10.00,33.886
1782668185.163,2026-06-28T18:36:25,HIGHER,0.00,316.138
1782668189.215,2026-06-28T18:36:29,LOWER,5.00,268.610
1782668193.205,2026-06-28T18:36:33,HIGHER,0.00,306.303
1782668197.187,2026-06-28T18:36:37,LOWER,5.00,187.692
1782668201.226,2026-06-28T18:36:41,HIGHER,0.00,223.119
1782668205.248,2026-06-28T18:36:45,LOWER,5.00,247.791
1782668209.308,2026-06-28T18:36:49,HIGHER,0.00,210.392
1782668213.312,2026-06-28T18:36:53,LOWER,5.00,113.452
1782668217.350,2026-06-28T18:36:57,HIGHER,0.00,47.046
1782668221.296,2026-06-28T18:37:01,LOWER,5.00,37.954
1782668225.755,2026-06-28T18:37:05,HIGHER,0.00,403.841
1782668229.790,2026-06-28T18:37:09,HIGHER,-10.00,338.513
1782668233.826,2026-06-28T18:37:13,LOWER,-5.00,379.404
1782668237.834,2026-06-28T18:37:17,LOWER,0.00,290.298
1782668241.830,2026-06-28T18:37:21,LOWER,5.00,151.397
1782668245.829,2026-06-28T18:37:25,HIGHER,0.00,147.135
1782668249.865,2026-06-28T18:37:29,LOWER,5.00,81.963
1782668253.947,2026-06-28T18:37:33,LOWER,10.00,210.171
1782668257.949,2026-06-28T18:37:37,HIGHER,0.00,119.808
1782668262.289,2026-06-28T18:37:42,LOWER,5.00,363.419
1782668266.374,2026-06-28T18:37:46,HIGHER,0.00,358.534
1782668270.345,2026-06-28T18:37:50,LOWER,5.00,237.817
1782668274.456,2026-06-28T18:37:54,HIGHER,0.00,249.218
1782668278.389,2026-06-28T18:37:58,LOWER,5.00,177.557
1782668282.426,2026-06-28T18:38:02,HIGHER,0.00,113.753
1782668286.468,2026-06-28T18:38:06,LOWER,5.00,198.680
1782668290.505,2026-06-28T18:38:10,HIGHER,0.00,141.622
1782668294.525,2026-06-28T18:38:14,LOWER,5.00,65.408
1782668298.984,2026-06-28T18:38:18,HIGHER,0.00,428.134
1782668302.953,2026-06-28T18:38:22,LOWER,5.00,298.075
1782668307.002,2026-06-28T18:38:27,HIGHER,0.00,245.463
1782668311.080,2026-06-28T18:38:31,LOWER,5.00,225.389
1782668315.062,2026-06-28T18:38:35,HIGHER,0.00,94.991
1782668319.104,2026-06-28T18:38:39,LOWER,5.00,32.482
1782668323.123,2026-06-28T18:38:43,HIGHER,0.00,94.557
1782668327.173,2026-06-28T18:38:47,LOWER,5.00,146.667
1782668331.177,2026-06-28T18:38:51,HIGHER,0.00,152.623
1782668335.156,2026-06-28T18:38:55,LOWER,5.00,29.306
1782668339.254,2026-06-28T18:38:59,HIGHER,0.00,127.685
1782668343.269,2026-06-28T18:39:03,LOWER,5.00,34.553
1782668347.300,2026-06-28T18:39:07,HIGHER,0.00,114.141
1782668351.627,2026-06-28T18:39:11,LOWER,5.00,341.501
1782668355.699,2026-06-28T18:39:15,HIGHER,0.00,316.946
1782668360.112,2026-06-28T18:39:20,LOWER,5.00,629.710
1782668363.780,2026-06-28T18:39:23,LOWER,10.00,300.142
1782668367.769,2026-06-28T18:39:27,HIGHER,0.00,183.986
1782668371.756,2026-06-28T18:39:31,LOWER,5.00,70.261
1782668376.157,2026-06-28T18:39:36,HIGHER,0.00,373.834
1782668380.146,2026-06-28T18:39:40,HIGHER,-10.00,305.770
1782668384.174,2026-06-28T18:39:44,LOWER,-5.00,336.365
1782668388.235,2026-06-28T18:39:48,LOWER,0.00,296.698
1782668392.222,2026-06-28T18:39:52,LOWER,5.00,275.115
1782668396.261,2026-06-28T18:39:56,HIGHER,0.00,317.409
1782668400.285,2026-06-28T18:40:00,LOWER,5.00,241.991
1782668404.300,2026-06-28T18:40:04,HIGHER,0.00,161.880
1782668408.319,2026-06-28T18:40:08,HIGHER,-10.00,126.079
1782668412.760,2026-06-28T18:40:12,LOWER,-5.00,471.314
1782668416.416,2026-06-28T18:40:16,LOWER,0.00,27.215
1782668420.833,2026-06-28T18:40:20,LOWER,5.00,343.394
1782668424.935,2026-06-28T18:40:24,HIGHER,0.00,446.752
1782668428.951,2026-06-28T18:40:28,LOWER,5.00,352.275
1782668432.925,2026-06-28T18:40:32,HIGHER,0.00,322.346
1782668436.962,2026-06-28T18:40:36,LOWER,5.00,259.194
1782668440.972,2026-06-28T18:40:40,HIGHER,0.00,307.249
1782668444.978,2026-06-28T18:40:44,LOWER,5.00,309.132
1782668449.040,2026-06-28T18:40:49,HIGHER,0.00,279.226
1782668453.099,2026-06-28T18:40:53,LOWER,5.00,234.800
1782668457.084,2026-06-28T18:40:57,HIGHER,0.00,210.901
1782668461.105,2026-06-28T18:41:01,LOWER,5.00,129.316
1782668465.130,2026-06-28T18:41:05,HIGHER,0.00,50.953
1782668469.168,2026-06-28T18:41:09,LOWER,5.00,131.828
1782668473.153,2026-06-28T18:41:13,HIGHER,0.00,115.325
1782668477.202,2026-06-28T18:41:17,LOWER,5.00,165.346
1782668481.221,2026-06-28T18:41:21,HIGHER,0.00,183.876
1782668485.251,2026-06-28T18:41:25,LOWER,5.00,111.696
1782668489.316,2026-06-28T18:41:29,HIGHER,0.00,65.041
1782668493.292,2026-06-28T18:41:33,LOWER,5.00,90.077
1782668497.711,2026-06-28T18:41:37,HIGHER,0.00,414.746
1782668501.737,2026-06-28T18:41:41,LOWER,5.00,340.551
1782668505.750,2026-06-28T18:41:45,HIGHER,0.00,354.202
1782668509.777,2026-06-28T18:41:49,LOWER,5.00,285.989
1782668513.774,2026-06-28T18:41:53,HIGHER,0.00,187.797
1782668518.208,2026-06-28T18:41:58,LOWER,5.00,519.066
1782668522.286,2026-06-28T18:42:02,HIGHER,0.00,494.800
1782668525.955,2026-06-28T18:42:05,HIGHER,-10.00,207.897
1782668529.900,2026-06-28T18:42:09,LOWER,-5.00,50.322
1782668534.249,2026-06-28T18:42:14,LOWER,0.00,391.343
1782668537.895,2026-06-28T18:42:17,LOWER,5.00,32.813
1782668541.913,2026-06-28T18:42:21,HIGHER,0.00,42.890
1782668546.371,2026-06-28T18:42:26,LOWER,5.00,403.214
1782668550.330,2026-06-28T18:42:30,LOWER,10.00,312.115
1782668554.370,2026-06-28T18:42:34,HIGHER,0.00,252.859
1782668558.800,2026-06-28T18:42:38,HIGHER,-10.00,677.540
1782668562.464,2026-06-28T18:42:42,LOWER,-5.00,342.640
1782668566.474,2026-06-28T18:42:46,LOWER,0.00,346.828
1782668570.502,2026-06-28T18:42:50,LOWER,5.00,281.523
1782668574.523,2026-06-28T18:42:54,HIGHER,0.00,204.438
1782668578.561,2026-06-28T18:42:58,HIGHER,-10.00,185.496
1782668582.523,2026-06-28T18:43:02,LOWER,-5.00,50.281
1782668586.981,2026-06-28T18:43:06,LOWER,0.00,415.341
1782668591.006,2026-06-28T18:43:11,LOWER,5.00,340.232
1782668595.060,2026-06-28T18:43:15,HIGHER,0.00,299.943
1782668599.094,2026-06-28T18:43:19,LOWER,5.00,233.468
1782668603.053,2026-06-28T18:43:23,HIGHER,0.00,189.881
1782668607.058,2026-06-28T18:43:27,LOWER,5.00,95.310
1782668611.069,2026-06-28T18:43:31,HIGHER,0.00,5.392
1782668615.154,2026-06-28T18:43:35,LOWER,5.00,140.623
1782668619.143,2026-06-28T18:43:39,HIGHER,0.00,31.179
1782668623.150,2026-06-28T18:43:43,LOWER,5.00,32.276
1782668627.158,2026-06-28T18:43:47,HIGHER,0.00,38.971
1782668631.561,2026-06-28T18:43:51,LOWER,5.00,339.694
1782668635.601,2026-06-28T18:43:55,HIGHER,0.00,274.379
1782668639.601,2026-06-28T18:43:59,LOWER,5.00,173.884
