timestamp_unix,timestamp_iso,loop_ms,voltage_v,current_a,power_kw,soc_pct
1782663644.492,2026-06-28T17:20:44,1.115,20000.00,0.000,0.000,0.0
1782663648.487,2026-06-28T17:20:48,1.115,20000.00,0.000,0.000,0.0
1782663652.586,2026-06-28T17:20:52,0.896,550.40,18.170,10.001,50.0
1782663656.582,2026-06-28T17:20:56,1.089,550.40,27.250,14.998,50.0
1782663660.679,2026-06-28T17:21:00,1.293,550.40,36.340,20.002,50.0
1782663664.775,2026-06-28T17:21:04,1.294,550.40,45.420,24.999,50.0
1782663668.875,2026-06-28T17:21:08,0.828,550.40,54.510,30.002,50.0
1782663672.848,2026-06-28T17:21:12,0.817,550.40,63.590,35.000,50.0
1782663676.852,2026-06-28T17:21:16,0.912,550.40,72.670,39.998,50.0
1782663680.952,2026-06-28T17:21:20,0.985,550.40,81.760,45.001,50.0
1782663684.953,2026-06-28T17:21:24,0.681,550.40,90.840,49.998,50.0
1782663689.052,2026-06-28T17:21:29,0.753,550.40,99.930,55.001,50.0
1782663693.147,2026-06-28T17:21:33,0.917,550.40,109.000,59.994,50.0
1782663697.248,2026-06-28T17:21:37,0.678,550.40,118.100,65.002,51.0
1782663701.200,2026-06-28T17:21:41,1.033,550.40,127.200,70.011,51.0
1782663705.297,2026-06-28T17:21:45,0.940,550.40,136.300,75.020,51.0
1782663709.396,2026-06-28T17:21:49,0.829,550.40,145.300,79.973,51.0
1782663713.497,2026-06-28T17:21:53,0.700,550.40,154.400,84.982,51.0
1782663717.496,2026-06-28T17:21:57,1.161,550.40,163.500,89.990,51.0
1782663721.501,2026-06-28T17:22:01,0.960,550.40,172.600,94.999,51.0
1782663725.607,2026-06-28T17:22:05,0.782,550.40,181.700,100.008,51.0
1782663729.564,2026-06-28T17:22:09,0.894,550.40,190.800,105.016,51.0
1782663733.562,2026-06-28T17:22:13,0.756,550.40,199.900,110.025,52.0
1782663737.666,2026-06-28T17:22:17,0.858,550.40,208.900,114.979,52.0
1782663741.665,2026-06-28T17:22:21,0.828,550.40,218.000,119.987,52.0
1782663745.669,2026-06-28T17:22:25,0.873,550.40,227.100,124.996,52.0
1782663749.783,2026-06-28T17:22:29,0.831,550.40,236.200,130.004,52.0
1782663753.742,2026-06-28T17:22:33,1.653,550.40,245.300,135.013,52.0
1782663757.745,2026-06-28T17:22:37,0.970,550.40,254.400,140.022,53.0
1782663761.750,2026-06-28T17:22:41,0.920,550.40,263.400,144.975,53.0
1782663765.753,2026-06-28T17:22:45,0.677,550.40,272.500,149.984,53.0
1782663769.845,2026-06-28T17:22:49,1.023,550.40,281.600,154.993,53.0
1782663773.937,2026-06-28T17:22:53,0.678,550.40,281.600,154.993,53.0
1782663777.988,2026-06-28T17:22:57,0.699,550.40,281.600,154.993,54.0
1782663782.078,2026-06-28T17:23:02,0.994,550.40,281.600,154.993,54.0
1782663786.169,2026-06-28T17:23:06,0.688,550.40,281.600,154.993,54.0
1782663790.260,2026-06-28T17:23:10,1.236,550.40,281.600,154.993,54.0
1782663794.352,2026-06-28T17:23:14,0.775,550.40,281.600,154.993,54.0
1782663798.444,2026-06-28T17:23:18,0.934,550.40,281.600,154.993,55.0
1782663802.540,2026-06-28T17:23:22,0.688,550.40,281.600,154.993,55.0
1782663806.635,2026-06-28T17:23:26,0.683,550.40,281.600,154.993,55.0
1782663810.724,2026-06-28T17:23:30,0.693,550.40,281.600,154.993,55.0
1782663814.818,2026-06-28T17:23:34,0.800,550.40,281.600,154.993,56.0
1782663818.870,2026-06-28T17:23:38,0.676,550.40,281.600,154.993,56.0
1782663822.968,2026-06-28T17:23:42,0.728,550.40,281.600,154.993,56.0
1782663827.064,2026-06-28T17:23:47,0.677,550.40,281.600,154.993,56.0
1782663831.157,2026-06-28T17:23:51,1.022,550.40,281.600,154.993,56.0
1782663835.251,2026-06-28T17:23:55,0.841,550.40,281.600,154.993,57.0
1782663839.343,2026-06-28T17:23:59,0.808,550.40,281.600,154.993,57.0
1782663843.437,2026-06-28T17:24:03,0.903,550.40,281.600,154.993,57.0
1782663847.530,2026-06-28T17:24:07,0.772,550.40,281.600,154.993,57.0
1782663851.629,2026-06-28T17:24:11,0.716,550.40,281.600,154.993,57.0
1782663855.724,2026-06-28T17:24:15,0.904,550.40,281.600,154.993,58.0
1782663859.773,2026-06-28T17:24:19,0.848,550.40,281.600,154.993,58.0
1782663863.860,2026-06-28T17:24:23,0.781,550.40,281.600,154.993,58.0
1782663867.948,2026-06-28T17:24:27,0.883,550.40,281.600,154.993,58.0
1782663872.039,2026-06-28T17:24:32,0.796,550.40,281.600,154.993,58.0
1782663876.131,2026-06-28T17:24:36,0.671,550.40,281.600,154.993,59.0
1782663880.222,2026-06-28T17:24:40,0.749,550.40,281.600,154.993,59.0
1782663884.321,2026-06-28T17:24:44,1.246,550.40,281.600,154.993,59.0
1782663888.416,2026-06-28T17:24:48,0.674,550.40,281.600,154.993,59.0
1782663892.510,2026-06-28T17:24:52,0.693,550.40,281.600,154.993,59.0
1782663896.610,2026-06-28T17:24:56,0.963,550.40,281.600,154.993,60.0
1782663900.664,2026-06-28T17:25:00,0.727,550.40,281.600,154.993,60.0
1782663904.759,2026-06-28T17:25:04,0.689,550.40,281.600,154.993,60.0
1782663908.852,2026-06-28T17:25:08,0.686,550.40,281.600,154.993,60.0
1782663912.944,2026-06-28T17:25:12,0.882,550.40,281.600,154.993,61.0
1782663917.042,2026-06-28T17:25:17,0.750,550.40,281.600,154.993,61.0
1782663921.134,2026-06-28T17:25:21,0.676,550.40,281.600,154.993,61.0
1782663925.231,2026-06-28T17:25:25,0.683,550.40,281.600,154.993,61.0
1782663929.325,2026-06-28T17:25:29,0.885,550.40,281.600,154.993,61.0
1782663933.419,2026-06-28T17:25:33,0.758,550.40,281.600,154.993,62.0
1782663937.509,2026-06-28T17:25:37,0.779,550.40,281.600,154.993,62.0
1782663941.558,2026-06-28T17:25:41,0.777,550.40,281.600,154.993,62.0
1782663945.654,2026-06-28T17:25:45,0.689,550.40,281.600,154.993,62.0
1782663949.746,2026-06-28T17:25:49,0.934,550.40,281.600,154.993,62.0
1782663953.838,2026-06-28T17:25:53,0.689,550.40,281.600,154.993,63.0
1782663957.931,2026-06-28T17:25:57,0.688,550.40,281.600,154.993,63.0
1782663962.022,2026-06-28T17:26:02,0.745,550.40,281.600,154.993,63.0
1782663966.122,2026-06-28T17:26:06,0.695,550.40,281.600,154.993,63.0
1782663970.220,2026-06-28T17:26:10,0.784,550.40,281.600,154.993,63.0
1782663974.316,2026-06-28T17:26:14,0.682,550.40,281.600,154.993,64.0
1782663978.412,2026-06-28T17:26:18,0.810,550.40,281.600,154.993,64.0
1782663982.463,2026-06-28T17:26:22,0.720,550.40,281.600,154.993,64.0
1782663986.559,2026-06-28T17:26:26,0.678,550.40,281.600,154.993,64.0
1782663990.650,2026-06-28T17:26:30,0.694,550.40,281.600,154.993,65.0
1782663994.742,2026-06-28T17:26:34,0.687,550.40,281.600,154.993,65.0
1782663998.834,2026-06-28T17:26:38,0.774,550.40,281.600,154.993,65.0
1782664002.928,2026-06-28T17:26:42,0.895,550.40,281.600,154.993,65.0
1782664007.021,2026-06-28T17:26:47,0.680,550.40,281.600,154.993,65.0
1782664011.111,2026-06-28T17:26:51,0.808,550.40,281.600,154.993,66.0
1782664015.202,2026-06-28T17:26:55,0.750,550.40,281.600,154.993,66.0
1782664019.295,2026-06-28T17:26:59,0.801,550.40,281.600,154.993,66.0
1782664023.340,2026-06-28T17:27:03,0.728,550.40,281.600,154.993,66.0
1782664027.435,2026-06-28T17:27:07,0.730,550.40,281.600,154.993,66.0
1782664031.531,2026-06-28T17:27:11,0.691,550.40,281.600,154.993,67.0
1782664035.624,2026-06-28T17:27:15,0.679,550.40,281.600,154.993,67.0
1782664039.721,2026-06-28T17:27:19,0.687,550.40,281.600,154.993,67.0
1782664043.816,2026-06-28T17:27:23,0.690,550.40,281.600,154.993,67.0
1782664047.913,2026-06-28T17:27:27,0.682,550.40,281.600,154.993,67.0
1782664052.008,2026-06-28T17:27:32,0.678,550.40,281.600,154.993,68.0
1782664056.103,2026-06-28T17:27:36,0.746,550.40,281.600,154.993,68.0
1782664060.200,2026-06-28T17:27:40,0.681,550.40,281.600,154.993,68.0
1782664064.247,2026-06-28T17:27:44,0.771,550.40,281.600,154.993,68.0
1782664068.340,2026-06-28T17:27:48,0.679,550.40,281.600,154.993,68.0
1782664072.437,2026-06-28T17:27:52,0.760,550.40,281.600,154.993,69.0
1782664076.534,2026-06-28T17:27:56,0.767,550.40,281.600,154.993,69.0
1782664080.632,2026-06-28T17:28:00,0.943,550.40,281.600,154.993,69.0
1782664084.728,2026-06-28T17:28:04,0.686,550.40,281.600,154.993,69.0
1782664088.825,2026-06-28T17:28:08,1.033,550.40,281.600,154.993,70.0
1782664092.919,2026-06-28T17:28:12,0.754,550.40,281.600,154.993,70.0
1782664097.011,2026-06-28T17:28:17,0.684,550.40,281.600,154.993,70.0
1782664101.105,2026-06-28T17:28:21,0.762,550.40,281.600,154.993,70.0
1782664105.155,2026-06-28T17:28:25,0.775,550.40,281.600,154.993,70.0
1782664109.253,2026-06-28T17:28:29,0.675,550.40,281.600,154.993,71.0
1782664113.349,2026-06-28T17:28:33,0.675,550.40,281.600,154.993,71.0
1782664117.442,2026-06-28T17:28:37,0.683,550.40,281.600,154.993,71.0
1782664121.535,2026-06-28T17:28:41,0.681,550.40,281.600,154.993,71.0
1782664125.628,2026-06-28T17:28:45,0.788,550.40,281.600,154.993,71.0
1782664129.721,2026-06-28T17:28:49,0.783,550.40,281.600,154.993,72.0
1782664133.813,2026-06-28T17:28:53,0.772,550.40,281.600,154.993,72.0
1782664137.901,2026-06-28T17:28:57,0.756,550.40,281.600,154.993,72.0
1782664141.992,2026-06-28T17:29:01,0.917,550.40,281.600,154.993,72.0
1782664146.036,2026-06-28T17:29:06,0.816,550.40,281.600,154.993,72.0
1782664150.128,2026-06-28T17:29:10,0.734,550.40,281.600,154.993,73.0
1782664154.216,2026-06-28T17:29:14,0.945,550.40,281.600,154.993,73.0
1782664158.307,2026-06-28T17:29:18,0.884,550.40,281.600,154.993,73.0
1782664162.397,2026-06-28T17:29:22,0.814,550.40,281.600,154.993,73.0
1782664166.490,2026-06-28T17:29:26,0.763,550.40,281.600,154.993,73.0
1782664170.585,2026-06-28T17:29:30,0.672,550.40,281.600,154.993,74.0
1782664174.678,2026-06-28T17:29:34,0.793,550.40,281.600,154.993,74.0
1782664178.770,2026-06-28T17:29:38,0.761,550.40,281.600,154.993,74.0
1782664182.862,2026-06-28T17:29:42,1.043,550.40,281.600,154.993,74.0
1782664186.914,2026-06-28T17:29:46,0.750,550.40,281.600,154.993,75.0
1782664191.009,2026-06-28T17:29:51,0.755,550.40,281.600,154.993,75.0
1782664195.105,2026-06-28T17:29:55,1.024,550.40,281.600,154.993,75.0
1782664199.198,2026-06-28T17:29:59,0.739,550.40,281.600,154.993,75.0
1782664203.291,2026-06-28T17:30:03,1.047,550.40,281.600,154.993,75.0
1782664207.389,2026-06-28T17:30:07,0.677,550.40,281.600,154.993,76.0
1782664211.483,2026-06-28T17:30:11,0.689,550.40,281.600,154.993,76.0
1782664215.572,2026-06-28T17:30:15,0.758,550.40,281.600,154.993,76.0
1782664219.667,2026-06-28T17:30:19,0.688,550.40,281.600,154.993,76.0
1782664223.764,2026-06-28T17:30:23,0.683,550.40,281.600,154.993,76.0
1782664227.830,2026-06-28T17:30:27,0.730,550.40,281.600,154.993,77.0
1782664231.835,2026-06-28T17:30:31,0.686,550.40,263.400,144.975,77.0
1782664235.844,2026-06-28T17:30:35,0.678,550.40,245.300,135.013,77.0
1782664239.851,2026-06-28T17:30:39,0.795,550.40,227.100,124.996,77.0
1782664243.864,2026-06-28T17:30:43,0.682,550.40,208.900,114.979,77.0
1782664247.973,2026-06-28T17:30:47,0.717,550.40,190.800,105.016,77.0
1782664251.931,2026-06-28T17:30:51,0.766,550.40,172.600,94.999,78.0
1782664255.936,2026-06-28T17:30:55,0.708,550.40,154.400,84.982,78.0
1782664259.938,2026-06-28T17:30:59,1.283,550.40,136.300,75.020,78.0
1782664263.936,2026-06-28T17:31:03,0.696,550.40,118.100,65.002,78.0
1782664268.044,2026-06-28T17:31:08,0.672,550.40,99.930,55.001,78.0
1782664272.151,2026-06-28T17:31:12,0.716,550.40,81.760,45.001,78.0
1782664276.114,2026-06-28T17:31:16,0.765,550.40,63.590,35.000,78.0
1782664280.117,2026-06-28T17:31:20,0.735,550.40,45.420,24.999,78.0
1782664284.218,2026-06-28T17:31:24,0.776,550.40,27.250,14.998,78.0
1782664288.219,2026-06-28T17:31:28,0.681,550.40,9.084,5.000,78.0
1782664292.220,2026-06-28T17:31:32,0.703,550.40,0.000,0.000,78.0
1782664296.320,2026-06-28T17:31:36,0.673,550.40,9.084,5.000,78.0
1782664300.288,2026-06-28T17:31:40,0.912,550.40,0.000,0.000,78.0
1782664304.293,2026-06-28T17:31:44,0.867,550.40,-18.170,-10.001,78.0
1782664308.295,2026-06-28T17:31:48,0.676,550.40,-9.084,-5.000,78.0
1782664312.295,2026-06-28T17:31:52,0.764,550.40,0.000,0.000,78.0
1782664316.403,2026-06-28T17:31:56,0.901,550.40,9.084,5.000,78.0
1782664320.507,2026-06-28T17:32:00,0.852,550.40,0.000,0.000,78.0
1782664324.459,2026-06-28T17:32:04,0.781,550.40,9.084,5.000,78.0
1782664328.565,2026-06-28T17:32:08,0.679,550.40,18.170,10.001,78.0
1782664332.563,2026-06-28T17:32:12,0.743,550.40,0.000,0.000,78.0
1782664336.559,2026-06-28T17:32:16,0.696,550.40,-18.170,-10.001,78.0
1782664340.655,2026-06-28T17:32:20,0.775,550.40,-9.084,-5.000,78.0
1782664344.752,2026-06-28T17:32:24,0.758,550.40,0.000,0.000,78.0
1782664348.853,2026-06-28T17:32:28,0.693,550.40,9.084,5.000,78.0
1782664352.810,2026-06-28T17:32:32,0.907,550.40,0.000,0.000,78.0
1782664356.810,2026-06-28T17:32:36,0.820,550.40,-18.170,-10.001,78.0
1782664360.813,2026-06-28T17:32:40,0.823,550.40,-9.084,-5.000,78.0
1782664364.907,2026-06-28T17:32:44,1.401,550.40,0.000,0.000,78.0
1782664368.908,2026-06-28T17:32:48,0.671,550.40,9.084,5.000,78.0
1782664373.005,2026-06-28T17:32:53,0.666,550.40,0.000,0.000,78.0
1782664377.059,2026-06-28T17:32:57,0.669,550.40,9.084,5.000,78.0
1782664381.154,2026-06-28T17:33:01,0.767,550.40,18.170,10.001,78.0
1782664385.253,2026-06-28T17:33:05,1.106,550.40,0.000,0.000,78.0
1782664389.347,2026-06-28T17:33:09,0.674,550.40,9.084,5.000,78.0
1782664393.447,2026-06-28T17:33:13,0.691,550.40,0.000,0.000,78.0
1782664397.443,2026-06-28T17:33:17,0.779,550.40,9.084,5.000,78.0
1782664401.545,2026-06-28T17:33:21,0.698,550.40,0.000,0.000,78.0
1782664405.644,2026-06-28T17:33:25,0.736,550.40,9.084,5.000,78.0
1782664409.745,2026-06-28T17:33:29,0.664,550.40,0.000,0.000,78.0
1782664413.795,2026-06-28T17:33:33,0.802,550.40,9.084,5.000,78.0
1782664417.888,2026-06-28T17:33:37,0.704,550.40,0.000,0.000,78.0
1782664421.988,2026-06-28T17:33:41,0.680,550.40,9.084,5.000,78.0
1782664425.986,2026-06-28T17:33:45,0.696,550.40,0.000,0.000,78.0
1782664430.080,2026-06-28T17:33:50,0.751,550.40,9.084,5.000,78.0
1782664434.177,2026-06-28T17:33:54,0.711,550.40,18.170,10.001,78.0
1782664438.177,2026-06-28T17:33:58,0.711,550.40,0.000,0.000,78.0
1782664442.277,2026-06-28T17:34:02,0.674,550.40,9.084,5.000,78.0
1782664446.342,2026-06-28T17:34:06,0.695,550.40,0.000,0.000,78.0
1782664450.341,2026-06-28T17:34:10,0.797,550.40,9.084,5.000,78.0
1782664454.349,2026-06-28T17:34:14,0.686,550.40,18.170,10.001,78.0
1782664458.348,2026-06-28T17:34:18,0.790,550.40,0.000,0.000,78.0
1782664462.453,2026-06-28T17:34:22,0.801,550.40,9.084,5.000,78.0
1782664466.553,2026-06-28T17:34:26,0.682,550.40,0.000,0.000,78.0
1782664470.650,2026-06-28T17:34:30,0.677,550.40,9.084,5.000,78.0
1782664474.607,2026-06-28T17:34:34,0.675,550.40,0.000,0.000,78.0
1782664478.605,2026-06-28T17:34:38,0.685,550.40,9.084,5.000,78.0
1782664482.705,2026-06-28T17:34:42,0.671,550.40,0.000,0.000,78.0
1782664486.802,2026-06-28T17:34:46,0.699,550.40,9.084,5.000,78.0
1782664490.907,2026-06-28T17:34:50,0.705,550.40,0.000,0.000,78.0
1782664495.007,2026-06-28T17:34:55,0.682,550.40,9.084,5.000,78.0
1782664499.105,2026-06-28T17:34:59,0.686,550.40,0.000,0.000,78.0
1782664503.199,2026-06-28T17:35:03,0.782,550.40,9.084,5.000,78.0
1782664507.261,2026-06-28T17:35:07,0.674,550.40,0.000,0.000,78.0
1782664511.256,2026-06-28T17:35:11,0.695,550.40,-18.170,-10.001,78.0
1782664515.261,2026-06-28T17:35:15,0.688,550.40,-9.084,-5.000,78.0
1782664519.256,2026-06-28T17:35:19,0.686,550.40,0.000,0.000,78.0
1782664523.259,2026-06-28T17:35:23,0.755,550.40,9.084,5.000,78.0
1782664527.356,2026-06-28T17:35:27,1.130,550.40,0.000,0.000,78.0
1782664531.416,2026-06-28T17:35:31,0.666,550.40,9.084,5.000,78.0
1782664535.422,2026-06-28T17:35:35,0.773,550.40,18.170,10.001,78.0
1782664539.417,2026-06-28T17:35:39,0.678,550.40,0.000,0.000,78.0
1782664543.516,2026-06-28T17:35:43,0.675,550.40,9.084,5.000,78.0
1782664547.609,2026-06-28T17:35:47,0.686,550.40,0.000,0.000,78.0
1782664551.705,2026-06-28T17:35:51,0.866,550.40,9.084,5.000,78.0
1782664555.801,2026-06-28T17:35:55,0.755,550.40,0.000,0.000,78.0
1782664559.902,2026-06-28T17:35:59,0.951,550.40,9.084,5.000,78.0
1782664563.954,2026-06-28T17:36:03,0.858,550.40,0.000,0.000,78.0
1782664567.957,2026-06-28T17:36:07,0.709,550.40,9.084,5.000,78.0
1782664572.056,2026-06-28T17:36:12,0.666,550.40,0.000,0.000,78.0
1782664576.056,2026-06-28T17:36:16,0.689,550.40,9.084,5.000,78.0
1782664580.155,2026-06-28T17:36:20,0.861,550.40,0.000,0.000,78.0
1782664584.246,2026-06-28T17:36:24,0.763,550.40,9.084,5.000,78.0
1782664588.343,2026-06-28T17:36:28,0.682,550.40,0.000,0.000,78.0
1782664592.440,2026-06-28T17:36:32,0.715,550.40,9.084,5.000,78.0
1782664596.486,2026-06-28T17:36:36,0.775,550.40,0.000,0.000,78.0
1782664600.589,2026-06-28T17:36:40,0.690,550.40,9.084,5.000,78.0
1782664604.594,2026-06-28T17:36:44,0.794,550.40,0.000,0.000,78.0
1782664608.595,2026-06-28T17:36:48,0.763,550.40,9.084,5.000,78.0
1782664612.692,2026-06-28T17:36:52,0.844,550.40,0.000,0.000,78.0
1782664616.791,2026-06-28T17:36:56,0.706,550.40,9.084,5.000,78.0
1782664620.882,2026-06-28T17:37:00,0.805,550.40,0.000,0.000,78.0
1782664624.979,2026-06-28T17:37:04,0.738,550.40,9.084,5.000,78.0
1782664628.939,2026-06-28T17:37:08,0.801,550.40,0.000,0.000,78.0
1782664633.034,2026-06-28T17:37:13,0.813,550.40,-18.170,-10.001,78.0
1782664637.127,2026-06-28T17:37:17,0.708,550.40,-9.084,-5.000,78.0
1782664641.227,2026-06-28T17:37:21,0.695,550.40,0.000,0.000,78.0
1782664645.323,2026-06-28T17:37:25,0.760,550.40,9.084,5.000,78.0
1782664649.328,2026-06-28T17:37:29,0.679,550.40,0.000,0.000,78.0
1782664653.418,2026-06-28T17:37:33,0.714,550.40,9.084,5.000,78.0
1782664657.510,2026-06-28T17:37:37,0.691,550.40,0.000,0.000,78.0
1782664661.555,2026-06-28T17:37:41,0.900,550.40,9.084,5.000,78.0
1782664665.654,2026-06-28T17:37:45,0.698,550.40,18.170,10.001,78.0
1782664669.652,2026-06-28T17:37:49,0.671,550.40,0.000,0.000,78.0
1782664673.746,2026-06-28T17:37:53,0.711,550.40,9.084,5.000,78.0
1782664677.843,2026-06-28T17:37:57,0.707,550.40,0.000,0.000,78.0
1782664681.936,2026-06-28T17:38:01,0.773,550.40,9.084,5.000,78.0
1782664686.032,2026-06-28T17:38:06,0.672,550.40,0.000,0.000,78.0
1782664690.128,2026-06-28T17:38:10,0.761,550.40,9.084,5.000,78.0
1782664694.220,2026-06-28T17:38:14,0.681,550.40,0.000,0.000,78.0
1782664698.268,2026-06-28T17:38:18,0.764,550.40,9.084,5.000,78.0
1782664702.363,2026-06-28T17:38:22,0.770,550.40,0.000,0.000,78.0
1782664706.364,2026-06-28T17:38:26,0.682,550.40,9.084,5.000,78.0
1782664710.457,2026-06-28T17:38:30,0.796,550.40,0.000,0.000,78.0
1782664714.552,2026-06-28T17:38:34,0.772,550.40,9.084,5.000,78.0
1782664718.643,2026-06-28T17:38:38,0.678,550.40,0.000,0.000,78.0
1782664722.739,2026-06-28T17:38:42,0.767,550.40,9.084,5.000,78.0
1782664726.835,2026-06-28T17:38:46,0.664,550.40,0.000,0.000,78.0
1782664730.936,2026-06-28T17:38:50,0.721,550.40,9.084,5.000,78.0
1782664734.889,2026-06-28T17:38:54,0.758,550.40,0.000,0.000,78.0
1782664738.984,2026-06-28T17:38:58,0.776,550.40,9.084,5.000,78.0
1782664743.073,2026-06-28T17:39:03,0.898,550.40,0.000,0.000,78.0
1782664747.162,2026-06-28T17:39:07,0.674,550.40,9.084,5.000,78.0
1782664751.261,2026-06-28T17:39:11,0.775,550.40,18.170,10.001,79.0
1782664755.356,2026-06-28T17:39:15,0.679,550.40,0.000,0.000,79.0
1782664759.356,2026-06-28T17:39:19,0.690,550.40,9.084,5.000,79.0
1782664763.455,2026-06-28T17:39:23,0.673,550.40,0.000,0.000,79.0
1782664767.410,2026-06-28T17:39:27,0.874,550.40,9.084,5.000,79.0
1782664771.506,2026-06-28T17:39:31,0.739,550.40,18.170,10.001,79.0
1782664775.608,2026-06-28T17:39:35,0.666,550.40,0.000,0.000,79.0
1782664779.707,2026-06-28T17:39:39,0.800,550.40,9.084,5.000,79.0
1782664783.710,2026-06-28T17:39:43,0.790,550.40,0.000,0.000,79.0
1782664787.709,2026-06-28T17:39:47,0.777,550.40,9.084,5.000,79.0
1782664791.810,2026-06-28T17:39:51,0.663,550.40,0.000,0.000,79.0
1782664795.766,2026-06-28T17:39:55,0.677,550.40,9.084,5.000,79.0
1782664799.765,2026-06-28T17:39:59,0.790,550.40,0.000,0.000,79.0
1782664803.856,2026-06-28T17:40:03,0.773,550.40,9.084,5.000,79.0
1782664807.945,2026-06-28T17:40:07,0.676,550.40,0.000,0.000,79.0
1782664812.039,2026-06-28T17:40:12,0.662,550.40,9.084,5.000,79.0
1782664816.035,2026-06-28T17:40:16,0.669,550.40,0.000,0.000,79.0
1782664820.131,2026-06-28T17:40:20,0.672,550.40,9.084,5.000,79.0
1782664824.185,2026-06-28T17:40:24,0.719,550.40,0.000,0.000,79.0
1782664828.273,2026-06-28T17:40:28,0.679,550.40,9.084,5.000,79.0
1782664832.367,2026-06-28T17:40:32,0.756,550.40,0.000,0.000,79.0
1782664836.457,2026-06-28T17:40:36,0.908,550.40,9.084,5.000,79.0
1782664840.546,2026-06-28T17:40:40,0.673,550.40,0.000,0.000,79.0
1782664844.644,2026-06-28T17:40:44,0.769,550.40,9.084,5.000,79.0
1782664848.740,2026-06-28T17:40:48,0.736,550.40,0.000,0.000,79.0
1782664852.743,2026-06-28T17:40:52,0.793,550.40,9.084,5.000,79.0
1782664856.832,2026-06-28T17:40:56,0.673,550.40,0.000,0.000,79.0
1782664860.886,2026-06-28T17:41:00,0.740,550.40,9.084,5.000,79.0
1782664864.987,2026-06-28T17:41:04,0.672,550.40,0.000,0.000,79.0
1782664868.991,2026-06-28T17:41:08,0.767,550.40,9.084,5.000,79.0
1782664873.077,2026-06-28T17:41:13,0.679,550.40,0.000,0.000,79.0
1782664877.171,2026-06-28T17:41:17,0.891,550.40,9.084,5.000,79.0
1782664881.273,2026-06-28T17:41:21,0.679,550.40,0.000,0.000,79.0
1782664885.347,2026-06-28T17:41:25,0.844,550.40,-18.170,-10.001,79.0
1782664889.416,2026-06-28T17:41:29,0.676,550.40,-9.084,-5.000,79.0
1782664893.510,2026-06-28T17:41:33,0.807,550.40,0.000,0.000,79.0
1782664897.554,2026-06-28T17:41:37,0.787,550.40,9.084,5.000,79.0
1782664901.651,2026-06-28T17:41:41,0.685,550.40,18.170,10.001,79.0
1782664905.752,2026-06-28T17:41:45,0.782,550.40,0.000,0.000,79.0
1782664909.844,2026-06-28T17:41:49,0.673,550.40,-18.170,-10.001,79.0
1782664913.933,2026-06-28T17:41:53,0.672,550.40,-9.084,-5.000,79.0
1782664918.029,2026-06-28T17:41:58,0.698,550.40,0.000,0.000,79.0
1782664922.120,2026-06-28T17:42:02,0.907,550.40,9.084,5.000,79.0
1782664926.215,2026-06-28T17:42:06,0.672,550.40,0.000,0.000,79.0
1782664930.307,2026-06-28T17:42:10,0.675,550.40,9.084,5.000,79.0
1782664934.400,2026-06-28T17:42:14,0.682,550.40,0.000,0.000,79.0
1782664938.444,2026-06-28T17:42:18,0.772,550.40,9.084,5.000,79.0
1782664942.533,2026-06-28T17:42:22,0.752,550.40,0.000,0.000,79.0
1782664946.627,2026-06-28T17:42:26,0.685,550.40,9.084,5.000,79.0
1782664950.720,2026-06-28T17:42:30,0.800,550.40,0.000,0.000,79.0
1782664954.815,2026-06-28T17:42:34,0.796,550.40,9.084,5.000,79.0
1782664958.905,2026-06-28T17:42:38,0.672,550.40,0.000,0.000,79.0
1782664962.996,2026-06-28T17:42:42,0.682,550.40,9.084,5.000,79.0
1782664967.086,2026-06-28T17:42:47,0.781,550.40,0.000,0.000,79.0
1782664971.180,2026-06-28T17:42:51,0.749,550.40,9.084,5.000,79.0
1782664975.283,2026-06-28T17:42:55,0.671,550.40,0.000,0.000,79.0
1782664979.237,2026-06-28T17:42:59,0.709,550.40,9.084,5.000,79.0
1782664983.333,2026-06-28T17:43:03,0.686,550.40,0.000,0.000,79.0
1782664987.425,2026-06-28T17:43:07,0.926,550.40,9.084,5.000,79.0
1782664991.521,2026-06-28T17:43:11,0.762,550.40,0.000,0.000,79.0
1782664995.616,2026-06-28T17:43:15,0.720,550.40,-18.170,-10.001,79.0
1782664999.708,2026-06-28T17:43:19,0.765,550.40,-9.084,-5.000,79.0
1782665003.803,2026-06-28T17:43:23,0.664,550.40,0.000,0.000,79.0
1782665007.895,2026-06-28T17:43:27,0.779,550.40,9.084,5.000,79.0
1782665011.993,2026-06-28T17:43:31,0.678,550.40,0.000,0.000,79.0
1782665016.043,2026-06-28T17:43:36,0.780,550.40,9.084,5.000,79.0
1782665020.144,2026-06-28T17:43:40,0.759,550.40,18.170,10.001,79.0
1782665024.235,2026-06-28T17:43:44,0.713,550.40,0.000,0.000,79.0
1782665028.324,2026-06-28T17:43:48,0.788,550.40,9.084,5.000,79.0
1782665032.414,2026-06-28T17:43:52,0.674,550.40,0.000,0.000,79.0
1782665036.506,2026-06-28T17:43:56,0.678,550.40,9.084,5.000,79.0
1782665040.597,2026-06-28T17:44:00,0.675,550.40,0.000,0.000,79.0
1782665044.687,2026-06-28T17:44:04,0.682,550.40,9.084,5.000,79.0
1782665048.782,2026-06-28T17:44:08,0.757,550.40,0.000,0.000,79.0
1782665052.880,2026-06-28T17:44:12,0.674,550.40,9.084,5.000,79.0
1782665056.933,2026-06-28T17:44:16,0.742,550.40,0.000,0.000,79.0
1782665060.935,2026-06-28T17:44:20,0.733,550.40,9.084,5.000,79.0
1782665065.031,2026-06-28T17:44:25,0.760,550.40,0.000,0.000,79.0
1782665069.122,2026-06-28T17:44:29,0.683,550.40,9.084,5.000,79.0
1782665073.210,2026-06-28T17:44:33,0.745,550.40,0.000,0.000,79.0
1782665077.313,2026-06-28T17:44:37,0.742,550.40,9.084,5.000,79.0
1782665081.411,2026-06-28T17:44:41,0.675,550.40,0.000,0.000,79.0
1782665085.511,2026-06-28T17:44:45,0.886,550.40,9.084,5.000,79.0
1782665089.609,2026-06-28T17:44:49,0.704,550.40,0.000,0.000,79.0
1782665093.658,2026-06-28T17:44:53,0.681,550.40,9.084,5.000,79.0
1782665097.762,2026-06-28T17:44:57,0.661,550.40,0.000,0.000,79.0
1782665101.756,2026-06-28T17:45:01,0.669,550.40,9.084,5.000,79.0
1782665105.855,2026-06-28T17:45:05,0.674,550.40,18.170,10.001,79.0
1782665109.947,2026-06-28T17:45:09,0.663,550.40,0.000,0.000,79.0
1782665114.036,2026-06-28T17:45:14,0.764,550.40,9.084,5.000,79.0
1782665118.132,2026-06-28T17:45:18,0.668,550.40,0.000,0.000,79.0
1782665122.229,2026-06-28T17:45:22,0.677,550.40,9.084,5.000,79.0
1782665126.328,2026-06-28T17:45:26,0.676,550.40,0.000,0.000,79.0
1782665130.382,2026-06-28T17:45:30,0.699,550.40,9.084,5.000,79.0
1782665134.482,2026-06-28T17:45:34,0.690,550.40,18.170,10.001,79.0
1782665138.571,2026-06-28T17:45:38,0.753,550.40,0.000,0.000,79.0
1782665142.657,2026-06-28T17:45:42,0.728,550.40,9.084,5.000,79.0
1782665146.751,2026-06-28T17:45:46,0.964,550.40,0.000,0.000,79.0
1782665150.848,2026-06-28T17:45:50,0.810,550.40,9.084,5.000,79.0
1782665154.944,2026-06-28T17:45:54,0.784,550.40,0.000,0.000,79.0
1782665159.033,2026-06-28T17:45:59,0.794,550.40,9.084,5.000,79.0
1782665163.125,2026-06-28T17:46:03,0.681,550.40,0.000,0.000,79.0
1782665167.219,2026-06-28T17:46:07,0.784,550.40,9.084,5.000,79.0
1782665171.269,2026-06-28T17:46:11,0.958,550.40,0.000,0.000,79.0
1782665175.368,2026-06-28T17:46:15,0.718,550.40,9.084,5.000,79.0
1782665179.459,2026-06-28T17:46:19,0.667,550.40,0.000,0.000,79.0
1782665183.546,2026-06-28T17:46:23,0.723,550.40,9.084,5.000,79.0
1782665187.635,2026-06-28T17:46:27,0.763,550.40,0.000,0.000,79.0
1782665191.726,2026-06-28T17:46:31,0.716,550.40,9.084,5.000,79.0
1782665195.822,2026-06-28T17:46:35,0.751,550.40,0.000,0.000,79.0
1782665199.915,2026-06-28T17:46:39,0.689,550.40,-18.170,-10.001,79.0
1782665204.003,2026-06-28T17:46:44,0.771,550.40,-9.084,-5.000,79.0
1782665208.098,2026-06-28T17:46:48,0.667,550.40,0.000,0.000,79.0
1782665212.142,2026-06-28T17:46:52,0.675,550.40,9.084,5.000,79.0
1782665216.238,2026-06-28T17:46:56,0.782,550.40,18.170,10.001,79.0
1782665220.236,2026-06-28T17:47:00,0.683,550.40,0.000,0.000,79.0
1782665224.335,2026-06-28T17:47:04,0.672,550.40,-18.170,-10.001,79.0
1782665228.334,2026-06-28T17:47:08,0.876,550.40,-9.084,-5.000,79.0
1782665232.431,2026-06-28T17:47:12,0.666,550.40,0.000,0.000,79.0
1782665236.523,2026-06-28T17:47:16,0.718,550.40,9.084,5.000,79.0
1782665240.615,2026-06-28T17:47:20,0.781,550.40,0.000,0.000,79.0
1782665244.671,2026-06-28T17:47:24,0.782,550.40,9.084,5.000,79.0
1782665248.768,2026-06-28T17:47:28,0.796,550.40,18.170,10.001,79.0
1782665252.863,2026-06-28T17:47:32,0.667,550.40,0.000,0.000,79.0
1782665256.959,2026-06-28T17:47:36,0.730,550.40,9.084,5.000,79.0
1782665261.056,2026-06-28T17:47:41,0.710,550.40,0.000,0.000,79.0
1782665265.146,2026-06-28T17:47:45,0.683,550.40,9.084,5.000,79.0
1782665269.240,2026-06-28T17:47:49,0.666,550.40,0.000,0.000,79.0
1782665273.326,2026-06-28T17:47:53,0.717,550.40,9.084,5.000,79.0
1782665277.420,2026-06-28T17:47:57,0.741,550.40,0.000,0.000,79.0
1782665281.519,2026-06-28T17:48:01,0.755,550.40,9.084,5.000,79.0
1782665285.568,2026-06-28T17:48:05,0.706,550.40,0.000,0.000,79.0
1782665289.659,2026-06-28T17:48:09,0.720,550.40,9.084,5.000,79.0
1782665293.759,2026-06-28T17:48:13,0.760,550.40,18.170,10.001,79.0
1782665297.848,2026-06-28T17:48:17,0.667,550.40,0.000,0.000,79.0
1782665301.942,2026-06-28T17:48:21,0.685,550.40,9.084,5.000,79.0
1782665306.040,2026-06-28T17:48:26,0.848,550.40,0.000,0.000,79.0
1782665310.033,2026-06-28T17:48:30,0.722,550.40,-18.170,-10.001,79.0
1782665314.127,2026-06-28T17:48:34,0.757,550.40,-9.084,-5.000,79.0
1782665318.221,2026-06-28T17:48:38,0.669,550.40,0.000,0.000,79.0
1782665322.271,2026-06-28T17:48:42,0.722,550.40,9.084,5.000,79.0
1782665326.363,2026-06-28T17:48:46,0.878,550.40,18.170,10.001,79.0
1782665330.459,2026-06-28T17:48:50,0.785,550.40,0.000,0.000,79.0
1782665334.552,2026-06-28T17:48:54,0.675,550.40,-18.170,-10.001,79.0
1782665338.644,2026-06-28T17:48:58,0.687,550.40,-9.084,-5.000,79.0
1782665342.736,2026-06-28T17:49:02,1.101,550.40,0.000,0.000,79.0
1782665346.832,2026-06-28T17:49:06,0.765,550.40,9.084,5.000,79.0
1782665350.918,2026-06-28T17:49:10,0.667,550.40,0.000,0.000,79.0
1782665355.009,2026-06-28T17:49:15,0.693,550.40,9.084,5.000,79.0
1782665359.102,2026-06-28T17:49:19,0.749,550.40,0.000,0.000,79.0
1782665363.144,2026-06-28T17:49:23,0.756,550.40,9.084,5.000,79.0
1782665367.229,2026-06-28T17:49:27,0.729,550.40,0.000,0.000,79.0
1782665371.323,2026-06-28T17:49:31,0.705,550.40,9.084,5.000,79.0
1782665375.420,2026-06-28T17:49:35,0.777,550.40,0.000,0.000,79.0
1782665379.509,2026-06-28T17:49:39,0.681,550.40,9.084,5.000,79.0
1782665383.600,2026-06-28T17:49:43,0.763,550.40,0.000,0.000,79.0
1782665387.694,2026-06-28T17:49:47,0.670,550.40,9.084,5.000,79.0
1782665391.790,2026-06-28T17:49:51,0.800,550.40,0.000,0.000,79.0
1782665395.875,2026-06-28T17:49:55,0.706,550.40,9.084,5.000,79.0
1782665399.973,2026-06-28T17:49:59,0.720,550.40,0.000,0.000,79.0
1782665404.020,2026-06-28T17:50:04,0.689,550.40,9.084,5.000,79.0
1782665408.117,2026-06-28T17:50:08,0.659,550.40,0.000,0.000,79.0
1782665412.211,2026-06-28T17:50:12,0.767,550.40,9.084,5.000,79.0
1782665416.211,2026-06-28T17:50:16,0.677,550.40,18.170,10.001,79.0
1782665420.308,2026-06-28T17:50:20,0.665,550.40,0.000,0.000,79.0
1782665424.408,2026-06-28T17:50:24,0.676,550.40,9.084,5.000,79.0
1782665428.507,2026-06-28T17:50:28,0.675,550.40,0.000,0.000,79.0
1782665432.605,2026-06-28T17:50:32,0.678,550.40,9.084,5.000,79.0
1782665436.701,2026-06-28T17:50:36,0.677,550.40,0.000,0.000,79.0
1782665440.748,2026-06-28T17:50:40,0.671,550.40,9.084,5.000,79.0
1782665444.842,2026-06-28T17:50:44,0.722,550.40,18.170,10.001,79.0
1782665448.940,2026-06-28T17:50:48,0.683,550.40,0.000,0.000,79.0
1782665452.930,2026-06-28T17:50:52,1.184,550.40,9.084,5.000,79.0
1782665457.025,2026-06-28T17:50:57,1.062,550.40,0.000,0.000,79.0
1782665461.114,2026-06-28T17:51:01,0.694,550.40,9.084,5.000,79.0
1782665465.208,2026-06-28T17:51:05,0.816,550.40,0.000,0.000,79.0
1782665469.297,2026-06-28T17:51:09,0.685,550.40,9.084,5.000,79.0
1782665473.394,2026-06-28T17:51:13,0.755,550.40,0.000,0.000,79.0
1782665477.440,2026-06-28T17:51:17,0.678,550.40,9.084,5.000,79.0
1782665481.533,2026-06-28T17:51:21,0.673,550.40,0.000,0.000,79.0
1782665485.630,2026-06-28T17:51:25,0.679,550.40,9.084,5.000,79.0
1782665489.724,2026-06-28T17:51:29,0.788,550.40,0.000,0.000,79.0
1782665493.819,2026-06-28T17:51:33,0.711,550.40,9.084,5.000,79.0
1782665497.914,2026-06-28T17:51:37,0.661,550.40,0.000,0.000,79.0
1782665502.007,2026-06-28T17:51:42,0.697,550.40,9.084,5.000,79.0
1782665506.101,2026-06-28T17:51:46,0.680,550.40,0.000,0.000,79.0
1782665510.193,2026-06-28T17:51:50,0.676,550.40,9.084,5.000,79.0
1782665514.287,2026-06-28T17:51:54,0.665,550.40,0.000,0.000,79.0
1782665518.332,2026-06-28T17:51:58,0.672,550.40,9.084,5.000,79.0
1782665522.425,2026-06-28T17:52:02,0.824,550.40,0.000,0.000,79.0
1782665526.517,2026-06-28T17:52:06,0.776,550.40,9.084,5.000,79.0
1782665530.613,2026-06-28T17:52:10,0.676,550.40,18.170,10.001,79.0
1782665534.708,2026-06-28T17:52:14,0.689,550.40,0.000,0.000,79.0
1782665538.809,2026-06-28T17:52:18,0.926,550.40,9.084,5.000,79.0
1782665542.908,2026-06-28T17:52:22,0.674,550.40,0.000,0.000,79.0
1782665546.999,2026-06-28T17:52:26,0.789,550.40,9.084,5.000,79.0
1782665551.092,2026-06-28T17:52:31,0.835,550.40,0.000,0.000,79.0
1782665555.192,2026-06-28T17:52:35,0.729,550.40,9.084,5.000,79.0
1782665559.237,2026-06-28T17:52:39,0.669,550.40,0.000,0.000,79.0
1782665563.330,2026-06-28T17:52:43,0.738,550.40,9.084,5.000,79.0
1782665567.424,2026-06-28T17:52:47,0.678,550.40,0.000,0.000,79.0
1782665571.521,2026-06-28T17:52:51,0.681,550.40,9.084,5.000,79.0
1782665575.626,2026-06-28T17:52:55,0.667,550.40,0.000,0.000,79.0
1782665579.624,2026-06-28T17:52:59,0.738,550.40,9.084,5.000,79.0
1782665583.724,2026-06-28T17:53:03,0.879,550.40,0.000,0.000,79.0
1782665587.824,2026-06-28T17:53:07,0.746,550.40,9.084,5.000,79.0
1782665591.919,2026-06-28T17:53:11,0.806,550.40,0.000,0.000,79.0
1782665595.967,2026-06-28T17:53:15,0.738,550.40,9.084,5.000,79.0
1782665600.063,2026-06-28T17:53:20,0.742,550.40,0.000,0.000,79.0
1782665604.165,2026-06-28T17:53:24,0.747,550.40,9.084,5.000,79.0
1782665608.254,2026-06-28T17:53:28,0.710,550.40,0.000,0.000,79.0
1782665612.344,2026-06-28T17:53:32,0.726,550.40,-18.170,-10.001,79.0
1782665616.442,2026-06-28T17:53:36,0.733,550.40,-9.084,-5.000,79.0
1782665620.535,2026-06-28T17:53:40,0.667,550.40,0.000,0.000,79.0
1782665624.644,2026-06-28T17:53:44,0.776,550.40,9.084,5.000,79.0
1782665628.736,2026-06-28T17:53:48,0.698,550.40,0.000,0.000,79.0
1782665632.833,2026-06-28T17:53:52,0.665,550.40,9.084,5.000,79.0
1782665636.885,2026-06-28T17:53:56,0.663,550.40,0.000,0.000,79.0
1782665640.981,2026-06-28T17:54:00,0.709,550.40,-18.170,-10.001,79.0
1782665645.077,2026-06-28T17:54:05,0.775,550.40,-9.084,-5.000,79.0
1782665649.172,2026-06-28T17:54:09,0.662,550.40,0.000,0.000,79.0
1782665653.266,2026-06-28T17:54:13,0.765,550.40,9.084,5.000,79.0
1782665657.362,2026-06-28T17:54:17,0.777,550.40,0.000,0.000,79.0
1782665661.461,2026-06-28T17:54:21,0.686,550.40,9.084,5.000,79.0
1782665665.554,2026-06-28T17:54:25,0.740,550.40,0.000,0.000,79.0
1782665669.641,2026-06-28T17:54:29,0.685,550.40,9.084,5.000,79.0
1782665673.737,2026-06-28T17:54:33,0.726,550.40,0.000,0.000,79.0
1782665677.785,2026-06-28T17:54:37,0.789,550.40,9.084,5.000,79.0
1782665681.881,2026-06-28T17:54:41,0.812,550.40,0.000,0.000,79.0
1782665685.977,2026-06-28T17:54:45,0.679,550.40,9.084,5.000,79.0
1782665690.072,2026-06-28T17:54:50,0.780,550.40,0.000,0.000,79.0
1782665694.168,2026-06-28T17:54:54,0.751,550.40,9.084,5.000,79.0
1782665698.264,2026-06-28T17:54:58,0.748,550.40,0.000,0.000,79.0
1782665702.356,2026-06-28T17:55:02,0.777,550.40,9.084,5.000,79.0
1782665706.457,2026-06-28T17:55:06,0.664,550.40,0.000,0.000,79.0
1782665710.554,2026-06-28T17:55:10,0.719,550.40,9.084,5.000,79.0
1782665714.657,2026-06-28T17:55:14,0.718,550.40,0.000,0.000,79.0
1782665718.611,2026-06-28T17:55:18,0.683,550.40,9.084,5.000,79.0
1782665722.710,2026-06-28T17:55:22,0.670,550.40,0.000,0.000,79.0
1782665726.808,2026-06-28T17:55:26,1.029,550.40,9.084,5.000,79.0
1782665730.907,2026-06-28T17:55:30,0.780,550.40,0.000,0.000,79.0
1782665734.909,2026-06-28T17:55:34,0.692,550.40,9.084,5.000,79.0
1782665739.006,2026-06-28T17:55:39,0.671,550.40,0.000,0.000,79.0
1782665743.102,2026-06-28T17:55:43,0.667,550.40,9.084,5.000,79.0
1782665747.195,2026-06-28T17:55:47,0.688,550.40,0.000,0.000,79.0
1782665751.249,2026-06-28T17:55:51,0.676,550.40,9.084,5.000,79.0
1782665755.353,2026-06-28T17:55:55,0.679,550.40,18.170,10.001,79.0
1782665759.347,2026-06-28T17:55:59,0.677,550.40,0.000,0.000,79.0
1782665763.438,2026-06-28T17:56:03,0.722,550.40,9.084,5.000,79.0
1782665767.543,2026-06-28T17:56:07,0.716,550.40,0.000,0.000,79.0
1782665771.534,2026-06-28T17:56:11,0.745,550.40,9.084,5.000,79.0
1782665775.635,2026-06-28T17:56:15,0.673,550.40,0.000,0.000,79.0
1782665779.726,2026-06-28T17:56:19,0.668,550.40,9.084,5.000,79.0
1782665783.786,2026-06-28T17:56:23,0.674,550.40,0.000,0.000,79.0
1782665787.788,2026-06-28T17:56:27,0.737,550.40,9.084,5.000,79.0
1782665791.880,2026-06-28T17:56:31,0.682,550.40,0.000,0.000,79.0
1782665795.982,2026-06-28T17:56:35,0.682,550.40,9.084,5.000,79.0
1782665800.072,2026-06-28T17:56:40,0.674,550.40,0.000,0.000,79.0
1782665804.169,2026-06-28T17:56:44,0.674,550.40,9.084,5.000,79.0
1782665808.263,2026-06-28T17:56:48,0.794,550.40,0.000,0.000,79.0
1782665812.360,2026-06-28T17:56:52,0.688,550.40,9.084,5.000,79.0
1782665816.470,2026-06-28T17:56:56,0.667,550.40,0.000,0.000,79.0
1782665820.424,2026-06-28T17:57:00,0.692,550.40,9.084,5.000,79.0
1782665824.522,2026-06-28T17:57:04,0.694,550.40,0.000,0.000,79.0
1782665828.618,2026-06-28T17:57:08,0.674,550.40,9.084,5.000,79.0
1782665832.713,2026-06-28T17:57:12,0.700,550.40,0.000,0.000,79.0
1782665836.810,2026-06-28T17:57:16,0.715,550.40,9.084,5.000,79.0
1782665840.812,2026-06-28T17:57:20,0.808,550.40,18.170,10.001,79.0
1782665844.909,2026-06-28T17:57:24,0.805,550.40,0.000,0.000,79.0
1782665849.012,2026-06-28T17:57:29,0.676,550.40,9.084,5.000,79.0
1782665853.070,2026-06-28T17:57:33,0.782,550.40,0.000,0.000,79.0
1782665857.065,2026-06-28T17:57:37,0.677,550.40,-18.170,-10.001,79.0
1782665861.170,2026-06-28T17:57:41,0.733,550.40,-9.084,-5.000,79.0
1782665865.162,2026-06-28T17:57:45,0.676,550.40,0.000,0.000,79.0
1782665869.252,2026-06-28T17:57:49,0.671,550.40,9.084,5.000,79.0
1782665873.346,2026-06-28T17:57:53,0.792,550.40,0.000,0.000,79.0
1782665877.441,2026-06-28T17:57:57,0.670,550.40,9.084,5.000,79.0
1782665881.536,2026-06-28T17:58:01,0.702,550.40,0.000,0.000,79.0
1782665885.581,2026-06-28T17:58:05,0.728,550.40,9.084,5.000,79.0
1782665889.667,2026-06-28T17:58:09,0.751,550.40,0.000,0.000,79.0
1782665893.760,2026-06-28T17:58:13,0.704,550.40,9.084,5.000,79.0
1782665897.850,2026-06-28T17:58:17,0.688,550.40,0.000,0.000,79.0
1782665901.939,2026-06-28T17:58:21,0.667,550.40,9.084,5.000,79.0
1782665906.032,2026-06-28T17:58:26,0.688,550.40,0.000,0.000,79.0
1782665910.121,2026-06-28T17:58:30,0.678,550.40,9.084,5.000,79.0
1782665914.220,2026-06-28T17:58:34,0.666,550.40,0.000,0.000,79.0
1782665918.321,2026-06-28T17:58:38,0.680,550.40,9.084,5.000,79.0
1782665922.409,2026-06-28T17:58:42,0.770,550.40,0.000,0.000,79.0
1782665926.455,2026-06-28T17:58:46,0.748,550.40,9.084,5.000,79.0
1782665930.549,2026-06-28T17:58:50,0.667,550.40,0.000,0.000,79.0
1782665934.646,2026-06-28T17:58:54,0.673,550.40,9.084,5.000,79.0
1782665938.745,2026-06-28T17:58:58,0.672,550.40,0.000,0.000,79.0
1782665942.741,2026-06-28T17:59:02,0.685,550.40,9.084,5.000,79.0
1782665946.829,2026-06-28T17:59:06,0.666,550.40,0.000,0.000,79.0
1782665950.925,2026-06-28T17:59:10,0.688,550.40,9.084,5.000,79.0
1782665955.015,2026-06-28T17:59:15,0.737,550.40,0.000,0.000,79.0
1782665959.110,2026-06-28T17:59:19,0.677,550.40,9.084,5.000,79.0
1782665963.161,2026-06-28T17:59:23,0.719,550.40,0.000,0.000,79.0
1782665967.250,2026-06-28T17:59:27,0.813,550.40,-18.170,-10.001,79.0
1782665971.341,2026-06-28T17:59:31,0.688,550.40,-9.084,-5.000,79.0
1782665975.434,2026-06-28T17:59:35,0.671,550.40,0.000,0.000,79.0
1782665979.437,2026-06-28T17:59:39,0.717,550.40,9.084,5.000,79.0
1782665983.532,2026-06-28T17:59:43,0.669,550.40,0.000,0.000,79.0
1782665987.532,2026-06-28T17:59:47,0.720,550.40,9.084,5.000,79.0
1782665991.632,2026-06-28T17:59:51,0.674,550.40,0.000,0.000,79.0
1782665995.693,2026-06-28T17:59:55,0.680,550.40,9.084,5.000,79.0
1782665999.697,2026-06-28T17:59:59,0.719,550.40,18.170,10.001,79.0
1782666003.692,2026-06-28T18:00:03,0.681,550.40,0.000,0.000,79.0
1782666007.782,2026-06-28T18:00:07,0.674,550.40,9.084,5.000,79.0
1782666011.874,2026-06-28T18:00:11,0.667,550.40,0.000,0.000,79.0
1782666015.962,2026-06-28T18:00:15,0.995,550.40,9.084,5.000,79.0
1782666020.054,2026-06-28T18:00:20,0.709,550.40,0.000,0.000,79.0
1782666024.148,2026-06-28T18:00:24,0.679,550.40,9.084,5.000,79.0
1782666028.193,2026-06-28T18:00:28,0.674,550.40,0.000,0.000,79.0
1782666032.285,2026-06-28T18:00:32,0.668,550.40,9.084,5.000,79.0
1782666036.381,2026-06-28T18:00:36,0.663,550.40,0.000,0.000,79.0
1782666040.475,2026-06-28T18:00:40,0.853,550.40,9.084,5.000,79.0
1782666044.571,2026-06-28T18:00:44,0.760,550.40,0.000,0.000,79.0
1782666048.664,2026-06-28T18:00:48,0.736,550.40,9.084,5.000,79.0
1782666052.762,2026-06-28T18:00:52,0.731,550.40,0.000,0.000,79.0
1782666056.861,2026-06-28T18:00:56,0.678,550.40,9.084,5.000,79.0
1782666060.956,2026-06-28T18:01:00,0.669,550.40,0.000,0.000,79.0
1782666065.051,2026-06-28T18:01:05,0.672,550.40,9.084,5.000,79.0
1782666069.098,2026-06-28T18:01:09,0.789,550.40,0.000,0.000,79.0
1782666073.186,2026-06-28T18:01:13,0.686,550.40,9.084,5.000,79.0
1782666077.284,2026-06-28T18:01:17,0.737,550.40,0.000,0.000,79.0
1782666081.375,2026-06-28T18:01:21,0.689,550.40,9.084,5.000,79.0
1782666085.467,2026-06-28T18:01:25,1.054,550.40,18.170,10.001,79.0
1782666089.562,2026-06-28T18:01:29,0.811,550.40,0.000,0.000,79.0
1782666093.554,2026-06-28T18:01:33,0.782,550.40,-18.170,-10.001,79.0
1782666097.653,2026-06-28T18:01:37,0.688,550.40,-9.084,-5.000,79.0
1782666101.750,2026-06-28T18:01:41,0.709,550.40,0.000,0.000,79.0
1782666105.704,2026-06-28T18:01:45,0.781,550.40,9.084,5.000,79.0
1782666109.793,2026-06-28T18:01:49,0.680,550.40,18.170,10.001,79.0
1782666113.882,2026-06-28T18:01:53,0.675,550.40,0.000,0.000,79.0
1782666117.977,2026-06-28T18:01:57,0.671,550.40,9.084,5.000,79.0
1782666122.076,2026-06-28T18:02:02,0.804,550.40,0.000,0.000,79.0
1782666126.168,2026-06-28T18:02:06,0.761,550.40,9.084,5.000,79.0
1782666130.259,2026-06-28T18:02:10,0.713,550.40,0.000,0.000,79.0
1782666134.356,2026-06-28T18:02:14,0.719,550.40,9.084,5.000,79.0
1782666138.450,2026-06-28T18:02:18,0.669,550.40,0.000,0.000,79.0
1782666142.498,2026-06-28T18:02:22,1.014,550.40,9.084,5.000,79.0
1782666146.589,2026-06-28T18:02:26,0.732,550.40,0.000,0.000,79.0
1782666150.680,2026-06-28T18:02:30,0.814,550.40,9.084,5.000,79.0
1782666154.782,2026-06-28T18:02:34,0.755,550.40,0.000,0.000,79.0
1782666158.879,2026-06-28T18:02:38,0.710,550.40,9.084,5.000,79.0
1782666162.981,2026-06-28T18:02:42,0.691,550.40,0.000,0.000,79.0
1782666166.979,2026-06-28T18:02:46,0.720,550.40,9.084,5.000,79.0
1782666171.077,2026-06-28T18:02:51,0.779,550.40,0.000,0.000,79.0
1782666175.172,2026-06-28T18:02:55,0.683,550.40,9.084,5.000,79.0
1782666179.222,2026-06-28T18:02:59,0.710,550.40,0.000,0.000,79.0
1782666183.313,2026-06-28T18:03:03,0.786,550.40,9.084,5.000,79.0
1782666187.400,2026-06-28T18:03:07,0.717,550.40,0.000,0.000,79.0
1782666191.494,2026-06-28T18:03:11,0.688,550.40,9.084,5.000,80.0
1782666195.578,2026-06-28T18:03:15,0.818,550.40,0.000,0.000,80.0
1782666199.661,2026-06-28T18:03:19,0.805,550.40,0.000,0.000,80.0
1782666203.743,2026-06-28T18:03:23,0.671,550.40,0.000,0.000,80.0
1782666207.825,2026-06-28T18:03:27,0.894,550.40,0.000,0.000,80.0
1782666211.915,2026-06-28T18:03:31,0.679,550.40,0.000,0.000,80.0
1782666216.002,2026-06-28T18:03:36,0.779,550.40,0.000,0.000,80.0
1782666220.048,2026-06-28T18:03:40,0.804,550.40,0.000,0.000,80.0
1782666224.136,2026-06-28T18:03:44,0.678,550.40,0.000,0.000,80.0
1782666228.223,2026-06-28T18:03:48,0.872,550.40,0.000,0.000,80.0
1782666232.311,2026-06-28T18:03:52,0.826,550.40,0.000,0.000,80.0
1782666236.400,2026-06-28T18:03:56,0.846,550.40,0.000,0.000,80.0
1782666240.488,2026-06-28T18:04:00,0.765,550.40,0.000,0.000,80.0
1782666244.573,2026-06-28T18:04:04,1.341,550.40,0.000,0.000,80.0
1782666248.658,2026-06-28T18:04:08,0.663,550.40,0.000,0.000,80.0
1782666252.744,2026-06-28T18:04:12,0.666,550.40,0.000,0.000,80.0
1782666256.832,2026-06-28T18:04:16,0.733,550.40,0.000,0.000,80.0
1782666260.871,2026-06-28T18:04:20,0.690,550.40,0.000,0.000,80.0
1782666264.954,2026-06-28T18:04:24,0.676,550.40,0.000,0.000,80.0
1782666269.035,2026-06-28T18:04:29,0.766,550.40,0.000,0.000,80.0
1782666273.126,2026-06-28T18:04:33,0.676,550.40,0.000,0.000,80.0
1782666277.224,2026-06-28T18:04:37,0.681,550.40,-9.084,-5.000,80.0
1782666281.313,2026-06-28T18:04:41,0.682,550.40,-18.170,-10.001,79.0
1782666285.401,2026-06-28T18:04:45,0.679,550.40,-18.170,-10.001,79.0
1782666289.487,2026-06-28T18:04:49,0.701,550.40,-18.170,-10.001,79.0
1782666293.576,2026-06-28T18:04:53,0.795,550.40,-18.170,-10.001,79.0
1782666297.669,2026-06-28T18:04:57,0.690,550.40,-18.170,-10.001,79.0
1782666301.715,2026-06-28T18:05:01,0.670,550.40,-27.250,-14.998,79.0
1782666305.815,2026-06-28T18:05:05,0.698,550.40,-36.340,-20.002,79.0
1782666309.916,2026-06-28T18:05:09,0.712,550.40,-36.340,-20.002,79.0
1782666314.013,2026-06-28T18:05:14,0.774,550.40,-36.340,-20.002,79.0
1782666318.110,2026-06-28T18:05:18,0.668,550.40,-36.340,-20.002,79.0
1782666322.115,2026-06-28T18:05:22,0.680,550.40,-36.340,-20.002,79.0
1782666326.115,2026-06-28T18:05:26,0.770,550.40,-36.340,-20.002,79.0
1782666330.211,2026-06-28T18:05:30,0.681,550.40,-36.340,-20.002,79.0
1782666334.260,2026-06-28T18:05:34,0.673,550.40,-36.340,-20.002,79.0
1782666338.349,2026-06-28T18:05:38,0.785,550.40,-36.340,-20.002,79.0
1782666342.439,2026-06-28T18:05:42,0.674,550.40,-36.340,-20.002,79.0
1782666346.523,2026-06-28T18:05:46,0.673,550.40,-36.340,-20.002,79.0
1782666350.613,2026-06-28T18:05:50,0.674,550.40,-36.340,-20.002,79.0
1782666354.703,2026-06-28T18:05:54,0.671,550.40,-36.340,-20.002,79.0
1782666358.795,2026-06-28T18:05:58,0.688,550.40,-36.340,-20.002,79.0
1782666362.898,2026-06-28T18:06:02,0.672,550.40,-36.340,-20.002,79.0
1782666367.001,2026-06-28T18:06:07,0.726,550.40,-36.340,-20.002,79.0
1782666371.102,2026-06-28T18:06:11,0.699,550.40,-36.340,-20.002,79.0
1782666375.054,2026-06-28T18:06:15,0.676,550.40,-36.340,-20.002,79.0
1782666379.148,2026-06-28T18:06:19,0.673,550.40,-36.340,-20.002,79.0
1782666383.245,2026-06-28T18:06:23,0.739,550.40,-36.340,-20.002,79.0
1782666387.343,2026-06-28T18:06:27,0.684,550.40,-36.340,-20.002,79.0
1782666391.442,2026-06-28T18:06:31,0.707,550.40,-36.340,-20.002,79.0
1782666395.448,2026-06-28T18:06:35,0.694,550.40,-36.340,-20.002,79.0
1782666399.539,2026-06-28T18:06:39,0.687,550.40,-36.340,-20.002,79.0
1782666403.626,2026-06-28T18:06:43,0.688,550.40,-36.340,-20.002,79.0
1782666407.669,2026-06-28T18:06:47,0.674,550.40,-36.340,-20.002,79.0
1782666411.753,2026-06-28T18:06:51,0.799,550.40,-36.340,-20.002,79.0
1782666415.843,2026-06-28T18:06:55,0.687,550.40,-36.340,-20.002,79.0
1782666419.937,2026-06-28T18:06:59,0.682,550.40,-36.340,-20.002,79.0
1782666424.036,2026-06-28T18:07:04,0.796,550.40,-36.340,-20.002,79.0
1782666428.138,2026-06-28T18:07:08,0.817,550.40,-36.340,-20.002,79.0
1782666432.141,2026-06-28T18:07:12,0.686,550.40,-36.340,-20.002,79.0
1782666436.239,2026-06-28T18:07:16,0.681,550.40,-36.340,-20.002,79.0
1782666440.346,2026-06-28T18:07:20,0.685,550.40,-36.340,-20.002,78.0
1782666444.306,2026-06-28T18:07:24,0.674,550.40,-36.340,-20.002,78.0
1782666448.297,2026-06-28T18:07:28,0.713,550.40,-36.340,-20.002,78.0
1782666452.397,2026-06-28T18:07:32,0.688,550.40,-36.340,-20.002,78.0
1782666456.485,2026-06-28T18:07:36,0.675,550.40,-36.340,-20.002,78.0
1782666460.577,2026-06-28T18:07:40,0.668,550.40,-36.340,-20.002,78.0
1782666464.662,2026-06-28T18:07:44,0.674,550.40,-36.340,-20.002,78.0
1782666468.745,2026-06-28T18:07:48,0.666,550.40,-36.340,-20.002,78.0
1782666472.835,2026-06-28T18:07:52,0.684,550.40,-36.340,-20.002,78.0
1782666476.886,2026-06-28T18:07:56,0.706,550.40,-36.340,-20.002,78.0
1782666480.980,2026-06-28T18:08:00,0.680,550.40,-36.340,-20.002,78.0
1782666485.069,2026-06-28T18:08:05,0.679,550.40,-36.340,-20.002,78.0
1782666489.166,2026-06-28T18:08:09,0.768,550.40,-36.340,-20.002,78.0
1782666493.265,2026-06-28T18:08:13,0.698,550.40,-36.340,-20.002,78.0
1782666497.361,2026-06-28T18:08:17,0.736,550.40,-36.340,-20.002,78.0
1782666501.462,2026-06-28T18:08:21,0.679,550.40,-36.340,-20.002,78.0
1782666505.461,2026-06-28T18:08:25,0.848,550.40,-36.340,-20.002,78.0
1782666509.557,2026-06-28T18:08:29,0.676,550.40,-36.340,-20.002,78.0
1782666513.606,2026-06-28T18:08:33,0.714,550.40,-36.340,-20.002,78.0
1782666517.694,2026-06-28T18:08:37,0.698,550.40,-36.340,-20.002,78.0
1782666521.777,2026-06-28T18:08:41,0.681,550.40,-36.340,-20.002,78.0
1782666525.864,2026-06-28T18:08:45,0.684,550.40,-36.340,-20.002,78.0
1782666529.954,2026-06-28T18:08:49,0.755,550.40,-36.340,-20.002,78.0
1782666534.042,2026-06-28T18:08:54,0.851,550.40,-36.340,-20.002,78.0
1782666538.136,2026-06-28T18:08:58,0.675,550.40,-36.340,-20.002,78.0
1782666542.229,2026-06-28T18:09:02,0.683,550.40,-36.340,-20.002,78.0
1782666546.320,2026-06-28T18:09:06,0.685,550.40,-36.340,-20.002,78.0
1782666550.421,2026-06-28T18:09:10,0.688,550.40,-36.340,-20.002,78.0
1782666554.374,2026-06-28T18:09:14,0.769,550.40,-36.340,-20.002,78.0
1782666558.475,2026-06-28T18:09:18,0.842,550.40,-36.340,-20.002,78.0
1782666562.475,2026-06-28T18:09:22,0.687,550.40,-36.340,-20.002,78.0
1782666566.565,2026-06-28T18:09:26,0.680,550.40,-36.340,-20.002,78.0
1782666570.664,2026-06-28T18:09:30,0.799,550.40,-36.340,-20.002,78.0
1782666574.764,2026-06-28T18:09:34,0.781,550.40,-36.340,-20.002,78.0
1782666578.854,2026-06-28T18:09:38,0.695,550.40,-36.340,-20.002,78.0
1782666582.943,2026-06-28T18:09:42,0.755,550.40,-36.340,-20.002,78.0
1782666586.989,2026-06-28T18:09:46,0.681,550.40,-36.340,-20.002,78.0
1782666591.075,2026-06-28T18:09:51,0.678,550.40,-36.340,-20.002,77.0
1782666595.170,2026-06-28T18:09:55,0.824,550.40,-36.340,-20.002,77.0
1782666599.266,2026-06-28T18:09:59,0.819,550.40,-36.340,-20.002,77.0
1782666603.365,2026-06-28T18:10:03,0.718,550.40,-36.340,-20.002,77.0
1782666607.365,2026-06-28T18:10:07,0.785,550.40,-36.340,-20.002,77.0
1782666611.464,2026-06-28T18:10:11,0.683,550.40,-36.340,-20.002,77.0
1782666615.567,2026-06-28T18:10:15,0.745,550.40,-36.340,-20.002,77.0
1782666619.663,2026-06-28T18:10:19,0.685,550.40,-36.340,-20.002,77.0
1782666623.716,2026-06-28T18:10:23,0.680,550.40,-36.340,-20.002,77.0
1782666627.814,2026-06-28T18:10:27,0.689,550.40,-36.340,-20.002,77.0
1782666631.915,2026-06-28T18:10:31,0.730,550.40,-36.340,-20.002,77.0
1782666635.917,2026-06-28T18:10:35,0.774,550.40,-36.340,-20.002,77.0
1782666640.008,2026-06-28T18:10:40,0.809,550.40,-36.340,-20.002,77.0
1782666644.098,2026-06-28T18:10:44,0.744,550.40,-36.340,-20.002,77.0
1782666648.192,2026-06-28T18:10:48,0.687,550.40,-36.340,-20.002,77.0
1782666652.289,2026-06-28T18:10:52,0.683,550.40,-36.340,-20.002,77.0
1782666656.385,2026-06-28T18:10:56,0.682,550.40,-36.340,-20.002,77.0
1782666660.442,2026-06-28T18:11:00,0.789,550.40,-36.340,-20.002,77.0
1782666664.536,2026-06-28T18:11:04,0.683,550.40,-36.340,-20.002,77.0
1782666668.636,2026-06-28T18:11:08,0.678,550.40,-36.340,-20.002,77.0
1782666672.635,2026-06-28T18:11:12,0.679,550.40,-36.340,-20.002,77.0
1782666676.644,2026-06-28T18:11:16,0.698,550.40,-36.340,-20.002,77.0
1782666680.646,2026-06-28T18:11:20,0.672,550.40,-36.340,-20.002,77.0
1782666684.744,2026-06-28T18:11:24,0.732,550.40,-36.340,-20.002,77.0
1782666688.796,2026-06-28T18:11:28,0.681,550.40,-36.340,-20.002,77.0
1782666692.895,2026-06-28T18:11:32,0.741,550.40,-36.340,-20.002,77.0
1782666696.985,2026-06-28T18:11:36,0.815,550.40,-36.340,-20.002,77.0
1782666701.073,2026-06-28T18:11:41,0.779,550.40,-36.340,-20.002,77.0
1782666705.165,2026-06-28T18:11:45,0.692,550.40,-36.340,-20.002,77.0
1782666709.253,2026-06-28T18:11:49,0.804,550.40,-36.340,-20.002,77.0
1782666713.345,2026-06-28T18:11:53,0.682,550.40,-36.340,-20.002,77.0
1782666717.448,2026-06-28T18:11:57,0.674,550.40,-36.340,-20.002,77.0
1782666721.541,2026-06-28T18:12:01,0.685,550.40,-36.340,-20.002,77.0
1782666725.638,2026-06-28T18:12:05,0.680,550.40,-36.340,-20.002,77.0
1782666729.691,2026-06-28T18:12:09,0.798,550.40,-36.340,-20.002,77.0
1782666733.794,2026-06-28T18:12:13,0.680,550.40,-36.340,-20.002,77.0
1782666737.796,2026-06-28T18:12:17,0.732,550.40,-36.340,-20.002,76.0
1782666741.804,2026-06-28T18:12:21,0.672,550.40,-36.340,-20.002,76.0
1782666745.801,2026-06-28T18:12:25,0.688,550.40,-36.340,-20.002,76.0
1782666749.904,2026-06-28T18:12:29,0.688,550.40,-36.340,-20.002,76.0
1782666754.004,2026-06-28T18:12:34,0.794,550.40,-36.340,-20.002,76.0
1782666758.050,2026-06-28T18:12:38,0.680,550.40,-36.340,-20.002,76.0
1782666762.142,2026-06-28T18:12:42,0.678,550.40,-36.340,-20.002,76.0
1782666766.246,2026-06-28T18:12:46,0.849,550.40,-36.340,-20.002,76.0
1782666770.248,2026-06-28T18:12:50,0.815,550.40,-27.250,-14.998,76.0
1782666774.250,2026-06-28T18:12:54,0.676,550.40,-18.170,-10.001,76.0
1782666778.352,2026-06-28T18:12:58,0.678,550.40,-9.084,-5.000,76.0
1782666782.455,2026-06-28T18:13:02,0.706,550.40,0.000,0.000,76.0
1782666786.551,2026-06-28T18:13:06,0.814,550.40,9.084,5.000,76.0
1782666790.607,2026-06-28T18:13:10,0.716,550.40,18.170,10.001,76.0
1782666794.706,2026-06-28T18:13:14,0.675,550.40,27.250,14.998,76.0
1782666798.708,2026-06-28T18:13:18,0.701,550.40,36.340,20.002,76.0
1782666802.702,2026-06-28T18:13:22,0.800,550.40,45.420,24.999,76.0
1782666806.803,2026-06-28T18:13:26,0.754,550.40,54.510,30.002,76.0
1782666810.807,2026-06-28T18:13:30,0.762,550.40,63.590,35.000,76.0
1782666814.916,2026-06-28T18:13:34,0.672,550.40,72.670,39.998,76.0
1782666818.864,2026-06-28T18:13:38,0.696,550.40,81.760,45.001,77.0
1782666822.965,2026-06-28T18:13:42,0.917,550.40,90.840,49.998,77.0
1782666826.968,2026-06-28T18:13:46,0.669,550.40,72.670,39.998,77.0
1782666830.972,2026-06-28T18:13:50,0.698,550.40,54.510,30.002,77.0
1782666834.979,2026-06-28T18:13:54,0.714,550.40,36.340,20.002,77.0
1782666839.082,2026-06-28T18:13:59,0.687,550.40,18.170,10.001,77.0
1782666843.040,2026-06-28T18:14:03,0.678,550.40,0.000,0.000,77.0
1782666847.138,2026-06-28T18:14:07,0.818,550.40,-18.170,-10.001,77.0
1782666851.137,2026-06-28T18:14:11,0.679,550.40,-9.084,-5.000,77.0
1782666855.232,2026-06-28T18:14:15,0.672,550.40,0.000,0.000,77.0
1782666859.235,2026-06-28T18:14:19,0.677,550.40,9.084,5.000,77.0
1782666863.332,2026-06-28T18:14:23,0.674,550.40,0.000,0.000,77.0
1782666867.435,2026-06-28T18:14:27,0.760,550.40,9.084,5.000,77.0
1782666871.399,2026-06-28T18:14:31,0.774,550.40,0.000,0.000,77.0
1782666875.394,2026-06-28T18:14:35,0.704,550.40,-18.170,-10.001,77.0
1782666879.398,2026-06-28T18:14:39,0.701,550.40,-9.084,-5.000,77.0
1782666883.400,2026-06-28T18:14:43,0.768,550.40,0.000,0.000,77.0
1782666887.501,2026-06-28T18:14:47,0.672,550.40,9.084,5.000,77.0
1782666891.603,2026-06-28T18:14:51,0.672,550.40,0.000,0.000,77.0
1782666895.650,2026-06-28T18:14:55,0.678,550.40,9.084,5.000,77.0
1782666899.752,2026-06-28T18:14:59,0.687,550.40,0.000,0.000,77.0
1782666903.848,2026-06-28T18:15:03,0.674,550.40,9.084,5.000,77.0
1782666907.957,2026-06-28T18:15:07,0.662,550.40,0.000,0.000,77.0
1782666911.946,2026-06-28T18:15:11,0.717,550.40,9.084,5.000,77.0
1782666916.040,2026-06-28T18:15:16,0.676,550.40,0.000,0.000,77.0
1782666920.135,2026-06-28T18:15:20,0.673,550.40,9.084,5.000,77.0
1782666924.228,2026-06-28T18:15:24,0.712,550.40,0.000,0.000,77.0
1782666928.328,2026-06-28T18:15:28,0.668,550.40,9.084,5.000,77.0
1782666932.380,2026-06-28T18:15:32,0.671,550.40,0.000,0.000,77.0
1782666936.479,2026-06-28T18:15:36,0.685,550.40,9.084,5.000,77.0
1782666940.576,2026-06-28T18:15:40,0.680,550.40,0.000,0.000,77.0
1782666944.670,2026-06-28T18:15:44,0.718,550.40,9.084,5.000,77.0
1782666948.770,2026-06-28T18:15:48,0.673,550.40,18.170,10.001,77.0
1782666952.871,2026-06-28T18:15:52,0.691,550.40,0.000,0.000,77.0
1782666956.960,2026-06-28T18:15:56,0.682,550.40,9.084,5.000,77.0
1782666961.057,2026-06-28T18:16:01,0.684,550.40,18.170,10.001,77.0
1782666965.154,2026-06-28T18:16:05,0.718,550.40,0.000,0.000,77.0
1782666969.249,2026-06-28T18:16:09,0.674,550.40,9.084,5.000,77.0
1782666973.301,2026-06-28T18:16:13,0.713,550.40,0.000,0.000,77.0
1782666977.394,2026-06-28T18:16:17,0.680,550.40,-18.170,-10.001,77.0
1782666981.495,2026-06-28T18:16:21,0.723,550.40,-9.084,-5.000,77.0
1782666985.496,2026-06-28T18:16:25,0.913,550.40,0.000,0.000,77.0
1782666989.592,2026-06-28T18:16:29,0.713,550.40,9.084,5.000,77.0
1782666993.684,2026-06-28T18:16:33,0.744,550.40,0.000,0.000,77.0
1782666997.779,2026-06-28T18:16:37,0.670,550.40,9.084,5.000,77.0
1782667001.883,2026-06-28T18:16:41,0.673,550.40,0.000,0.000,77.0
1782667005.983,2026-06-28T18:16:45,0.688,550.40,9.084,5.000,77.0
1782667010.031,2026-06-28T18:16:50,0.728,550.40,0.000,0.000,77.0
1782667014.128,2026-06-28T18:16:54,0.671,550.40,9.084,5.000,77.0
1782667018.224,2026-06-28T18:16:58,0.675,550.40,0.000,0.000,77.0
1782667022.318,2026-06-28T18:17:02,0.702,550.40,9.084,5.000,77.0
1782667026.410,2026-06-28T18:17:06,0.706,550.40,0.000,0.000,77.0
1782667030.418,2026-06-28T18:17:10,0.673,550.40,9.084,5.000,77.0
1782667034.406,2026-06-28T18:17:14,0.673,550.40,0.000,0.000,77.0
1782667038.500,2026-06-28T18:17:18,0.752,550.40,9.084,5.000,77.0
1782667042.547,2026-06-28T18:17:22,0.686,550.40,0.000,0.000,77.0
1782667046.639,2026-06-28T18:17:26,0.704,550.40,9.084,5.000,77.0
1782667050.736,2026-06-28T18:17:30,0.672,550.40,0.000,0.000,77.0
1782667054.834,2026-06-28T18:17:34,0.787,550.40,9.084,5.000,77.0
1782667058.935,2026-06-28T18:17:38,0.669,550.40,0.000,0.000,77.0
1782667062.934,2026-06-28T18:17:42,0.668,550.40,9.084,5.000,77.0
1782667067.031,2026-06-28T18:17:47,0.779,550.40,0.000,0.000,77.0
1782667071.126,2026-06-28T18:17:51,0.678,550.40,9.084,5.000,77.0
1782667075.228,2026-06-28T18:17:55,0.667,550.40,0.000,0.000,77.0
1782667079.179,2026-06-28T18:17:59,0.741,550.40,9.084,5.000,77.0
1782667083.291,2026-06-28T18:18:03,0.686,550.40,18.170,10.001,77.0
1782667087.293,2026-06-28T18:18:07,0.801,550.40,0.000,0.000,77.0
1782667091.286,2026-06-28T18:18:11,0.671,550.40,-18.170,-10.001,77.0
1782667095.391,2026-06-28T18:18:15,0.828,550.40,-9.084,-5.000,77.0
1782667099.492,2026-06-28T18:18:19,0.689,550.40,0.000,0.000,77.0
1782667103.595,2026-06-28T18:18:23,0.674,550.40,9.084,5.000,77.0
1782667107.555,2026-06-28T18:18:27,0.690,550.40,0.000,0.000,77.0
1782667111.556,2026-06-28T18:18:31,0.798,550.40,-18.170,-10.001,77.0
1782667115.655,2026-06-28T18:18:35,0.682,550.40,-9.084,-5.000,77.0
1782667119.659,2026-06-28T18:18:39,0.716,550.40,0.000,0.000,77.0
1782667123.660,2026-06-28T18:18:43,0.698,550.40,9.084,5.000,77.0
1782667127.760,2026-06-28T18:18:47,0.828,550.40,0.000,0.000,77.0
1782667131.816,2026-06-28T18:18:51,0.673,550.40,9.084,5.000,77.0
1782667135.829,2026-06-28T18:18:55,0.677,550.40,18.170,10.001,77.0
1782667139.824,2026-06-28T18:18:59,0.673,550.40,0.000,0.000,77.0
1782667143.921,2026-06-28T18:19:03,0.668,550.40,9.084,5.000,77.0
1782667148.023,2026-06-28T18:19:08,0.668,550.40,0.000,0.000,77.0
1782667152.023,2026-06-28T18:19:12,0.787,550.40,9.084,5.000,77.0
1782667156.121,2026-06-28T18:19:16,0.704,550.40,0.000,0.000,77.0
1782667160.182,2026-06-28T18:19:20,0.704,550.40,9.084,5.000,77.0
1782667164.186,2026-06-28T18:19:24,0.775,550.40,0.000,0.000,77.0
1782667168.284,2026-06-28T18:19:28,0.767,550.40,9.084,5.000,77.0
1782667172.288,2026-06-28T18:19:32,0.674,550.40,0.000,0.000,77.0
1782667176.285,2026-06-28T18:19:36,0.681,550.40,9.084,5.000,77.0
1782667180.383,2026-06-28T18:19:40,0.772,550.40,0.000,0.000,77.0
1782667184.475,2026-06-28T18:19:44,0.675,550.40,9.084,5.000,77.0
1782667188.528,2026-06-28T18:19:48,0.788,550.40,0.000,0.000,77.0
1782667192.623,2026-06-28T18:19:52,0.659,550.40,9.084,5.000,77.0
1782667196.626,2026-06-28T18:19:56,0.790,550.40,0.000,0.000,77.0
1782667200.624,2026-06-28T18:20:00,0.691,550.40,9.084,5.000,77.0
1782667204.722,2026-06-28T18:20:04,0.667,550.40,0.000,0.000,77.0
1782667208.822,2026-06-28T18:20:08,0.699,550.40,9.084,5.000,77.0
1782667212.918,2026-06-28T18:20:12,0.698,550.40,0.000,0.000,77.0
1782667217.019,2026-06-28T18:20:17,0.700,550.40,9.084,5.000,77.0
1782667220.976,2026-06-28T18:20:20,0.672,550.40,0.000,0.000,77.0
1782667224.975,2026-06-28T18:20:24,0.672,550.40,9.084,5.000,77.0
1782667228.976,2026-06-28T18:20:28,0.661,550.40,0.000,0.000,77.0
1782667233.070,2026-06-28T18:20:33,0.679,550.40,9.084,5.000,77.0
1782667237.167,2026-06-28T18:20:37,0.707,550.40,0.000,0.000,77.0
1782667241.271,2026-06-28T18:20:41,0.755,550.40,9.084,5.000,77.0
1782667245.373,2026-06-28T18:20:45,0.674,550.40,0.000,0.000,77.0
1782667249.424,2026-06-28T18:20:49,0.681,550.40,9.084,5.000,77.0
1782667253.523,2026-06-28T18:20:53,0.668,550.40,18.170,10.001,77.0
1782667257.618,2026-06-28T18:20:57,0.661,550.40,0.000,0.000,77.0
1782667261.716,2026-06-28T18:21:01,0.787,550.40,-18.170,-10.001,77.0
1782667265.812,2026-06-28T18:21:05,0.744,550.40,-9.084,-5.000,77.0
1782667269.904,2026-06-28T18:21:09,1.081,550.40,0.000,0.000,77.0
1782667273.999,2026-06-28T18:21:13,0.713,550.40,9.084,5.000,77.0
1782667278.102,2026-06-28T18:21:18,0.706,550.40,0.000,0.000,77.0
1782667282.201,2026-06-28T18:21:22,0.817,550.40,9.084,5.000,77.0
1782667286.294,2026-06-28T18:21:26,0.779,550.40,0.000,0.000,77.0
1782667290.339,2026-06-28T18:21:30,0.701,550.40,9.084,5.000,77.0
1782667294.443,2026-06-28T18:21:34,0.668,550.40,0.000,0.000,77.0
1782667298.538,2026-06-28T18:21:38,0.777,550.40,9.084,5.000,77.0
1782667302.633,2026-06-28T18:21:42,0.680,550.40,0.000,0.000,77.0
1782667306.731,2026-06-28T18:21:46,0.829,550.40,9.084,5.000,77.0
1782667310.823,2026-06-28T18:21:50,0.674,550.40,0.000,0.000,77.0
1782667314.923,2026-06-28T18:21:54,0.681,550.40,9.084,5.000,77.0
1782667319.021,2026-06-28T18:21:59,0.678,550.40,0.000,0.000,77.0
1782667323.120,2026-06-28T18:22:03,0.878,550.40,9.084,5.000,77.0
1782667327.210,2026-06-28T18:22:07,0.675,550.40,0.000,0.000,77.0
1782667331.255,2026-06-28T18:22:11,0.674,550.40,9.084,5.000,77.0
1782667335.359,2026-06-28T18:22:15,0.666,550.40,0.000,0.000,77.0
1782667339.355,2026-06-28T18:22:19,0.680,550.40,-18.170,-10.001,77.0
1782667343.456,2026-06-28T18:22:23,0.724,550.40,-9.084,-5.000,77.0
1782667347.552,2026-06-28T18:22:27,0.673,550.40,0.000,0.000,77.0
1782667351.651,2026-06-28T18:22:31,0.696,550.40,9.084,5.000,77.0
1782667355.643,2026-06-28T18:22:35,0.770,550.40,0.000,0.000,77.0
1782667359.763,2026-06-28T18:22:39,0.686,550.40,9.084,5.000,77.0
1782667363.821,2026-06-28T18:22:43,0.685,550.40,0.000,0.000,77.0
1782667367.870,2026-06-28T18:22:47,0.752,550.40,9.084,5.000,77.0
1782667371.966,2026-06-28T18:22:51,0.758,550.40,18.170,10.001,77.0
1782667376.059,2026-06-28T18:22:56,0.676,550.40,0.000,0.000,77.0
1782667380.152,2026-06-28T18:23:00,0.755,550.40,9.084,5.000,77.0
1782667384.240,2026-06-28T18:23:04,0.668,550.40,0.000,0.000,77.0
1782667388.335,2026-06-28T18:23:08,0.807,550.40,9.084,5.000,77.0
1782667392.428,2026-06-28T18:23:12,0.782,550.40,0.000,0.000,77.0
1782667396.524,2026-06-28T18:23:16,0.711,550.40,9.084,5.000,77.0
1782667400.623,2026-06-28T18:23:20,0.740,550.40,0.000,0.000,77.0
1782667404.724,2026-06-28T18:23:24,0.746,550.40,9.084,5.000,77.0
1782667408.674,2026-06-28T18:23:28,0.795,550.40,0.000,0.000,77.0
1782667412.772,2026-06-28T18:23:32,0.675,550.40,9.084,5.000,77.0
1782667416.870,2026-06-28T18:23:36,0.696,550.40,0.000,0.000,77.0
1782667420.876,2026-06-28T18:23:40,0.718,550.40,9.084,5.000,77.0
1782667424.872,2026-06-28T18:23:44,0.668,550.40,0.000,0.000,77.0
1782667428.971,2026-06-28T18:23:48,0.794,550.40,9.084,5.000,77.0
1782667433.069,2026-06-28T18:23:53,0.774,550.40,0.000,0.000,77.0
1782667437.122,2026-06-28T18:23:57,0.704,550.40,9.084,5.000,77.0
1782667441.223,2026-06-28T18:24:01,0.662,550.40,0.000,0.000,77.0
1782667445.228,2026-06-28T18:24:05,0.876,550.40,9.084,5.000,77.0
1782667449.235,2026-06-28T18:24:09,0.682,550.40,0.000,0.000,77.0
1782667453.235,2026-06-28T18:24:13,0.759,550.40,9.084,5.000,77.0
1782667457.336,2026-06-28T18:24:17,0.673,550.40,0.000,0.000,77.0
1782667461.436,2026-06-28T18:24:21,0.719,550.40,9.084,5.000,77.0
1782667465.485,2026-06-28T18:24:25,0.675,550.40,0.000,0.000,77.0
1782667469.573,2026-06-28T18:24:29,0.672,550.40,9.084,5.000,77.0
1782667473.670,2026-06-28T18:24:33,0.670,550.40,18.170,10.001,77.0
1782667477.773,2026-06-28T18:24:37,0.759,550.40,0.000,0.000,77.0
1782667481.766,2026-06-28T18:24:41,0.688,550.40,-18.170,-10.001,77.0
1782667485.860,2026-06-28T18:24:45,0.681,550.40,-9.084,-5.000,77.0
1782667489.955,2026-06-28T18:24:49,0.736,550.40,0.000,0.000,77.0
1782667494.052,2026-06-28T18:24:54,0.786,550.40,9.084,5.000,77.0
1782667498.157,2026-06-28T18:24:58,0.672,550.40,0.000,0.000,77.0
1782667502.105,2026-06-28T18:25:02,0.667,550.40,9.084,5.000,77.0
1782667506.201,2026-06-28T18:25:06,0.789,550.40,18.170,10.001,77.0
1782667510.289,2026-06-28T18:25:10,0.741,550.40,0.000,0.000,77.0
1782667514.383,2026-06-28T18:25:14,0.902,550.40,9.084,5.000,77.0
1782667518.482,2026-06-28T18:25:18,0.671,550.40,0.000,0.000,77.0
1782667522.579,2026-06-28T18:25:22,0.767,550.40,9.084,5.000,77.0
1782667526.678,2026-06-28T18:25:26,0.672,550.40,0.000,0.000,77.0
1782667530.770,2026-06-28T18:25:30,0.688,550.40,9.084,5.000,77.0
1782667534.864,2026-06-28T18:25:34,0.737,550.40,0.000,0.000,77.0
1782667538.909,2026-06-28T18:25:38,0.790,550.40,9.084,5.000,77.0
1782667543.004,2026-06-28T18:25:43,0.761,550.40,0.000,0.000,77.0
1782667547.108,2026-06-28T18:25:47,0.692,550.40,9.084,5.000,77.0
1782667551.107,2026-06-28T18:25:51,0.711,550.40,0.000,0.000,77.0
1782667555.110,2026-06-28T18:25:55,0.726,550.40,9.084,5.000,77.0
1782667559.204,2026-06-28T18:25:59,0.705,550.40,0.000,0.000,77.0
1782667563.303,2026-06-28T18:26:03,0.668,550.40,9.084,5.000,77.0
1782667567.397,2026-06-28T18:26:07,0.811,550.40,0.000,0.000,77.0
1782667571.456,2026-06-28T18:26:11,0.674,550.40,9.084,5.000,77.0
1782667575.456,2026-06-28T18:26:15,0.772,550.40,0.000,0.000,77.0
1782667579.457,2026-06-28T18:26:19,0.814,550.40,9.084,5.000,77.0
1782667583.461,2026-06-28T18:26:23,0.673,550.40,18.170,10.001,77.0
1782667587.461,2026-06-28T18:26:27,0.768,550.40,0.000,0.000,77.0
1782667591.566,2026-06-28T18:26:31,0.756,550.40,9.084,5.000,77.0
1782667595.524,2026-06-28T18:26:35,0.765,550.40,0.000,0.000,77.0
1782667599.526,2026-06-28T18:26:39,0.678,550.40,9.084,5.000,77.0
1782667603.528,2026-06-28T18:26:43,0.798,550.40,0.000,0.000,77.0
1782667607.621,2026-06-28T18:26:47,0.713,550.40,9.084,5.000,77.0
1782667611.721,2026-06-28T18:26:51,0.665,550.40,0.000,0.000,77.0
1782667615.821,2026-06-28T18:26:55,0.818,550.40,9.084,5.000,77.0
1782667619.921,2026-06-28T18:26:59,0.802,550.40,0.000,0.000,77.0
1782667623.972,2026-06-28T18:27:03,0.713,550.40,9.084,5.000,77.0
1782667628.075,2026-06-28T18:27:08,0.803,550.40,18.170,10.001,77.0
1782667632.172,2026-06-28T18:27:12,0.675,550.40,0.000,0.000,77.0
1782667636.167,2026-06-28T18:27:16,0.777,550.40,-18.170,-10.001,77.0
1782667640.264,2026-06-28T18:27:20,0.685,550.40,-9.084,-5.000,77.0
1782667644.362,2026-06-28T18:27:24,0.718,550.40,0.000,0.000,77.0
1782667648.362,2026-06-28T18:27:28,0.703,550.40,9.084,5.000,77.0
1782667652.461,2026-06-28T18:27:32,0.678,550.40,0.000,0.000,77.0
1782667656.416,2026-06-28T18:27:36,0.673,550.40,9.084,5.000,77.0
1782667660.517,2026-06-28T18:27:40,0.680,550.40,18.170,10.001,77.0
1782667664.620,2026-06-28T18:27:44,0.680,550.40,0.000,0.000,77.0
1782667668.620,2026-06-28T18:27:48,0.809,550.40,9.084,5.000,77.0
1782667672.714,2026-06-28T18:27:52,0.765,550.40,0.000,0.000,77.0
1782667676.810,2026-06-28T18:27:56,0.675,550.40,9.084,5.000,77.0
1782667680.908,2026-06-28T18:28:00,0.773,550.40,0.000,0.000,77.0
1782667685.004,2026-06-28T18:28:05,0.704,550.40,9.084,5.000,77.0
1782667689.059,2026-06-28T18:28:09,0.673,550.40,0.000,0.000,77.0
1782667693.156,2026-06-28T18:28:13,0.675,550.40,9.084,5.000,77.0
1782667697.158,2026-06-28T18:28:17,0.748,550.40,0.000,0.000,77.0
1782667701.252,2026-06-28T18:28:21,0.792,550.40,9.084,5.000,77.0
1782667705.350,2026-06-28T18:28:25,0.677,550.40,0.000,0.000,77.0
1782667709.442,2026-06-28T18:28:29,0.807,550.40,9.084,5.000,77.0
1782667713.544,2026-06-28T18:28:33,0.744,550.40,0.000,0.000,77.0
1782667717.642,2026-06-28T18:28:37,0.772,550.40,9.084,5.000,77.0
1782667721.745,2026-06-28T18:28:41,0.753,550.40,0.000,0.000,77.0
1782667725.700,2026-06-28T18:28:45,0.680,550.40,9.084,5.000,77.0
1782667729.700,2026-06-28T18:28:49,0.671,550.40,0.000,0.000,77.0
1782667733.700,2026-06-28T18:28:53,0.708,550.40,9.084,5.000,77.0
1782667737.804,2026-06-28T18:28:57,0.707,550.40,0.000,0.000,77.0
1782667741.800,2026-06-28T18:29:01,0.708,550.40,9.084,5.000,77.0
1782667745.895,2026-06-28T18:29:05,0.685,550.40,0.000,0.000,77.0
1782667749.948,2026-06-28T18:29:09,0.824,550.40,9.084,5.000,77.0
1782667753.954,2026-06-28T18:29:13,0.668,550.40,18.170,10.001,77.0
1782667758.053,2026-06-28T18:29:18,0.674,550.40,0.000,0.000,77.0
1782667762.142,2026-06-28T18:29:22,0.777,550.40,9.084,5.000,77.0
1782667766.233,2026-06-28T18:29:26,0.841,550.40,0.000,0.000,77.0
1782667770.337,2026-06-28T18:29:30,0.811,550.40,9.084,5.000,77.0
1782667774.436,2026-06-28T18:29:34,0.717,550.40,0.000,0.000,77.0
1782667778.538,2026-06-28T18:29:38,0.681,550.40,9.084,5.000,77.0
1782667782.640,2026-06-28T18:29:42,0.811,550.40,0.000,0.000,77.0
1782667786.596,2026-06-28T18:29:46,0.677,550.40,9.084,5.000,77.0
1782667790.605,2026-06-28T18:29:50,0.785,550.40,18.170,10.001,77.0
1782667794.603,2026-06-28T18:29:54,0.727,550.40,0.000,0.000,77.0
1782667798.604,2026-06-28T18:29:58,0.676,550.40,9.084,5.000,77.0
1782667802.707,2026-06-28T18:30:02,0.666,550.40,0.000,0.000,77.0
1782667806.800,2026-06-28T18:30:06,0.696,550.40,9.084,5.000,77.0
1782667810.852,2026-06-28T18:30:10,0.788,550.40,0.000,0.000,77.0
1782667814.850,2026-06-28T18:30:14,0.803,550.40,-18.170,-10.001,77.0
1782667818.945,2026-06-28T18:30:18,0.677,550.40,-9.084,-5.000,77.0
1782667823.037,2026-06-28T18:30:23,0.672,550.40,0.000,0.000,77.0
1782667827.136,2026-06-28T18:30:27,0.734,550.40,9.084,5.000,77.0
1782667831.233,2026-06-28T18:30:31,0.703,550.40,0.000,0.000,77.0
1782667835.334,2026-06-28T18:30:35,0.667,550.40,9.084,5.000,77.0
1782667839.436,2026-06-28T18:30:39,0.794,550.40,0.000,0.000,77.0
1782667843.537,2026-06-28T18:30:43,0.669,550.40,9.084,5.000,77.0
1782667847.584,2026-06-28T18:30:47,0.676,550.40,0.000,0.000,77.0
1782667851.682,2026-06-28T18:30:51,0.777,550.40,9.084,5.000,77.0
1782667855.680,2026-06-28T18:30:55,0.674,550.40,0.000,0.000,77.0
1782667859.782,2026-06-28T18:30:59,0.680,550.40,9.084,5.000,77.0
1782667863.885,2026-06-28T18:31:03,0.787,550.40,0.000,0.000,77.0
1782667867.885,2026-06-28T18:31:07,0.691,550.40,9.084,5.000,77.0
1782667871.984,2026-06-28T18:31:11,0.740,550.40,0.000,0.000,77.0
1782667876.087,2026-06-28T18:31:16,0.675,550.40,9.084,5.000,77.0
1782667880.044,2026-06-28T18:31:20,0.678,550.40,0.000,0.000,77.0
1782667884.142,2026-06-28T18:31:24,0.729,550.40,9.084,5.000,77.0
1782667888.141,2026-06-28T18:31:28,0.676,550.40,0.000,0.000,77.0
1782667892.241,2026-06-28T18:31:32,0.675,550.40,9.084,5.000,77.0
1782667896.240,2026-06-28T18:31:36,0.694,550.40,0.000,0.000,77.0
1782667900.340,2026-06-28T18:31:40,0.684,550.40,9.084,5.000,77.0
1782667904.434,2026-06-28T18:31:44,0.675,550.40,0.000,0.000,77.0
1782667908.492,2026-06-28T18:31:48,0.672,550.40,9.084,5.000,77.0
1782667912.586,2026-06-28T18:31:52,0.672,550.40,0.000,0.000,77.0
1782667916.678,2026-06-28T18:31:56,0.674,550.40,9.084,5.000,77.0
1782667920.774,2026-06-28T18:32:00,0.673,550.40,0.000,0.000,77.0
1782667924.776,2026-06-28T18:32:04,0.823,550.40,-18.170,-10.001,77.0
1782667928.771,2026-06-28T18:32:08,0.678,550.40,-9.084,-5.000,77.0
1782667932.863,2026-06-28T18:32:12,0.717,550.40,0.000,0.000,77.0
1782667936.961,2026-06-28T18:32:16,0.685,550.40,9.084,5.000,77.0
1782667940.921,2026-06-28T18:32:20,0.761,550.40,0.000,0.000,77.0
1782667945.018,2026-06-28T18:32:25,0.701,550.40,-18.170,-10.001,77.0
1782667949.114,2026-06-28T18:32:29,0.690,550.40,-9.084,-5.000,77.0
1782667953.212,2026-06-28T18:32:33,0.752,550.40,0.000,0.000,77.0
1782667957.305,2026-06-28T18:32:37,0.693,550.40,9.084,5.000,77.0
1782667961.398,2026-06-28T18:32:41,0.686,550.40,0.000,0.000,77.0
1782667965.500,2026-06-28T18:32:45,0.698,550.40,9.084,5.000,77.0
1782667969.598,2026-06-28T18:32:49,0.713,550.40,0.000,0.000,77.0
1782667973.696,2026-06-28T18:32:53,0.717,550.40,9.084,5.000,77.0
1782667977.649,2026-06-28T18:32:57,0.792,550.40,0.000,0.000,77.0
1782667981.746,2026-06-28T18:33:01,0.711,550.40,9.084,5.000,77.0
1782667985.844,2026-06-28T18:33:05,0.820,550.40,0.000,0.000,77.0
1782667989.844,2026-06-28T18:33:09,0.796,550.40,9.084,5.000,77.0
1782667993.942,2026-06-28T18:33:13,0.859,550.40,0.000,0.000,77.0
1782667997.947,2026-06-28T18:33:17,0.683,550.40,9.084,5.000,77.0
1782668002.047,2026-06-28T18:33:22,0.759,550.40,0.000,0.000,77.0
1782668006.007,2026-06-28T18:33:26,0.680,550.40,9.084,5.000,77.0
1782668010.098,2026-06-28T18:33:30,0.714,550.40,0.000,0.000,77.0
1782668014.196,2026-06-28T18:33:34,0.735,550.40,9.084,5.000,77.0
1782668018.292,2026-06-28T18:33:38,0.674,550.40,0.000,0.000,77.0
1782668022.388,2026-06-28T18:33:42,0.857,550.40,9.084,5.000,77.0
1782668026.480,2026-06-28T18:33:46,0.679,550.40,0.000,0.000,77.0
1782668030.577,2026-06-28T18:33:50,0.673,550.40,9.084,5.000,77.0
1782668034.683,2026-06-28T18:33:54,0.674,550.40,0.000,0.000,77.0
1782668038.782,2026-06-28T18:33:58,0.691,550.40,9.084,5.000,77.0
1782668042.832,2026-06-28T18:34:02,0.777,550.40,0.000,0.000,78.0
1782668046.929,2026-06-28T18:34:06,0.795,550.40,9.084,5.000,78.0
1782668051.036,2026-06-28T18:34:11,0.675,550.40,18.170,10.001,78.0
1782668055.035,2026-06-28T18:34:15,0.776,550.40,0.000,0.000,78.0
1782668059.128,2026-06-28T18:34:19,0.677,550.40,9.084,5.000,78.0
1782668063.231,2026-06-28T18:34:23,0.678,550.40,0.000,0.000,78.0
1782668067.325,2026-06-28T18:34:27,0.854,550.40,9.084,5.000,78.0
1782668071.426,2026-06-28T18:34:31,0.700,550.40,0.000,0.000,78.0
1782668075.529,2026-06-28T18:34:35,1.051,550.40,9.084,5.000,78.0
1782668079.486,2026-06-28T18:34:39,0.777,550.40,0.000,0.000,78.0
1782668083.581,2026-06-28T18:34:43,0.686,550.40,9.084,5.000,78.0
1782668087.682,2026-06-28T18:34:47,0.667,550.40,0.000,0.000,78.0
1782668091.684,2026-06-28T18:34:51,0.771,550.40,9.084,5.000,78.0
1782668095.687,2026-06-28T18:34:55,0.676,550.40,0.000,0.000,78.0
1782668099.786,2026-06-28T18:34:59,0.838,550.40,9.084,5.000,78.0
1782668103.889,2026-06-28T18:35:03,0.766,550.40,0.000,0.000,78.0
1782668107.946,2026-06-28T18:35:07,0.671,550.40,9.084,5.000,78.0
1782668111.943,2026-06-28T18:35:11,0.840,550.40,0.000,0.000,78.0
1782668116.045,2026-06-28T18:35:16,0.703,550.40,9.084,5.000,78.0
1782668120.137,2026-06-28T18:35:20,0.794,550.40,0.000,0.000,78.0
1782668124.238,2026-06-28T18:35:24,0.684,550.40,9.084,5.000,78.0
1782668128.237,2026-06-28T18:35:28,0.797,550.40,0.000,0.000,78.0
1782668132.333,2026-06-28T18:35:32,0.672,550.40,9.084,5.000,78.0
1782668136.435,2026-06-28T18:35:36,0.703,550.40,0.000,0.000,78.0
1782668140.386,2026-06-28T18:35:40,0.715,550.40,9.084,5.000,78.0
1782668144.485,2026-06-28T18:35:44,0.671,550.40,0.000,0.000,78.0
1782668148.493,2026-06-28T18:35:48,0.686,550.40,9.084,5.000,78.0
1782668152.490,2026-06-28T18:35:52,0.672,550.40,0.000,0.000,78.0
1782668156.490,2026-06-28T18:35:56,0.755,550.40,9.084,5.000,78.0
1782668160.590,2026-06-28T18:36:00,0.717,550.40,0.000,0.000,78.0
1782668164.647,2026-06-28T18:36:04,0.681,550.40,9.084,5.000,78.0
1782668168.745,2026-06-28T18:36:08,0.677,550.40,0.000,0.000,78.0
1782668172.747,2026-06-28T18:36:12,1.345,550.40,9.084,5.000,78.0
1782668176.747,2026-06-28T18:36:16,0.687,550.40,0.000,0.000,78.0
1782668180.751,2026-06-28T18:36:20,0.681,550.40,9.084,5.000,78.0
1782668184.851,2026-06-28T18:36:24,0.862,550.40,18.170,10.001,78.0
1782668188.951,2026-06-28T18:36:28,0.752,550.40,0.000,0.000,78.0
1782668192.904,2026-06-28T18:36:32,0.687,550.40,9.084,5.000,78.0
1782668197.003,2026-06-28T18:36:37,0.705,550.40,0.000,0.000,78.0
1782668201.007,2026-06-28T18:36:41,0.721,550.40,9.084,5.000,78.0
1782668205.005,2026-06-28T18:36:45,0.861,550.40,0.000,0.000,78.0
1782668209.102,2026-06-28T18:36:49,0.680,550.40,9.084,5.000,78.0
1782668213.203,2026-06-28T18:36:53,0.708,550.40,0.000,0.000,78.0
1782668217.307,2026-06-28T18:36:57,0.675,550.40,9.084,5.000,78.0
1782668221.262,2026-06-28T18:37:01,0.667,550.40,0.000,0.000,78.0
1782668225.355,2026-06-28T18:37:05,0.684,550.40,9.084,5.000,78.0
1782668229.456,2026-06-28T18:37:09,0.684,550.40,0.000,0.000,78.0
1782668233.451,2026-06-28T18:37:13,0.839,550.40,-18.170,-10.001,78.0
1782668237.548,2026-06-28T18:37:17,0.677,550.40,-9.084,-5.000,78.0
1782668241.689,2026-06-28T18:37:21,0.679,550.40,0.000,0.000,78.0
1782668245.688,2026-06-28T18:37:25,0.677,550.40,9.084,5.000,78.0
1782668249.788,2026-06-28T18:37:29,0.704,550.40,0.000,0.000,78.0
1782668253.742,2026-06-28T18:37:33,0.856,550.40,9.084,5.000,78.0
1782668257.835,2026-06-28T18:37:37,0.678,550.40,18.170,10.001,78.0
1782668261.930,2026-06-28T18:37:41,0.756,550.40,0.000,0.000,78.0
1782668266.021,2026-06-28T18:37:46,0.841,550.40,9.084,5.000,78.0
1782668270.112,2026-06-28T18:37:50,0.678,550.40,0.000,0.000,78.0
1782668274.212,2026-06-28T18:37:54,0.672,550.40,9.084,5.000,78.0
1782668278.217,2026-06-28T18:37:58,0.672,550.40,0.000,0.000,78.0
1782668282.318,2026-06-28T18:38:02,0.882,550.40,9.084,5.000,78.0
1782668286.274,2026-06-28T18:38:06,0.687,550.40,0.000,0.000,78.0
1782668290.369,2026-06-28T18:38:10,0.746,550.40,9.084,5.000,78.0
1782668294.465,2026-06-28T18:38:14,0.778,550.40,0.000,0.000,78.0
1782668298.561,2026-06-28T18:38:18,0.753,550.40,9.084,5.000,78.0
1782668302.662,2026-06-28T18:38:22,0.679,550.40,0.000,0.000,78.0
1782668306.762,2026-06-28T18:38:26,0.674,550.40,9.084,5.000,78.0
1782668310.860,2026-06-28T18:38:30,0.670,550.40,0.000,0.000,78.0
1782668314.974,2026-06-28T18:38:34,0.672,550.40,9.084,5.000,78.0
1782668319.077,2026-06-28T18:38:39,0.678,550.40,0.000,0.000,78.0
1782668323.034,2026-06-28T18:38:43,0.747,550.40,9.084,5.000,78.0
1782668327.034,2026-06-28T18:38:47,0.680,550.40,0.000,0.000,78.0
1782668331.030,2026-06-28T18:38:51,0.713,550.40,9.084,5.000,78.0
1782668335.132,2026-06-28T18:38:55,0.681,550.40,0.000,0.000,78.0
1782668339.133,2026-06-28T18:38:59,0.683,550.40,9.084,5.000,78.0
1782668343.241,2026-06-28T18:39:03,0.714,550.40,0.000,0.000,78.0
1782668347.192,2026-06-28T18:39:07,0.680,550.40,9.084,5.000,78.0
1782668351.292,2026-06-28T18:39:11,0.706,550.40,0.000,0.000,78.0
1782668355.389,2026-06-28T18:39:15,0.684,550.40,9.084,5.000,78.0
1782668359.488,2026-06-28T18:39:19,0.796,550.40,0.000,0.000,78.0
1782668363.488,2026-06-28T18:39:23,0.706,550.40,9.084,5.000,78.0
1782668367.592,2026-06-28T18:39:27,0.717,550.40,18.170,10.001,78.0
1782668371.692,2026-06-28T18:39:31,0.701,550.40,0.000,0.000,78.0
1782668375.790,2026-06-28T18:39:35,0.691,550.40,9.084,5.000,78.0
1782668379.847,2026-06-28T18:39:39,0.683,550.40,0.000,0.000,78.0
1782668383.844,2026-06-28T18:39:43,0.683,550.40,-18.170,-10.001,78.0
1782668387.945,2026-06-28T18:39:47,0.812,550.40,-9.084,-5.000,78.0
1782668391.955,2026-06-28T18:39:51,0.669,550.40,0.000,0.000,78.0
1782668395.950,2026-06-28T18:39:55,0.672,550.40,9.084,5.000,78.0
1782668400.050,2026-06-28T18:40:00,0.671,550.40,0.000,0.000,78.0
1782668404.146,2026-06-28T18:40:04,0.731,550.40,9.084,5.000,78.0
1782668408.200,2026-06-28T18:40:08,0.668,550.40,0.000,0.000,78.0
1782668412.296,2026-06-28T18:40:12,0.760,550.40,-18.170,-10.001,78.0
1782668416.397,2026-06-28T18:40:16,0.758,550.40,-9.084,-5.000,78.0
1782668420.498,2026-06-28T18:40:20,0.727,550.40,0.000,0.000,78.0
1782668424.495,2026-06-28T18:40:24,0.750,550.40,9.084,5.000,78.0
1782668428.607,2026-06-28T18:40:28,0.729,550.40,0.000,0.000,78.0
1782668432.610,2026-06-28T18:40:32,0.765,550.40,9.084,5.000,78.0
1782668436.710,2026-06-28T18:40:36,0.664,550.40,0.000,0.000,78.0
1782668440.673,2026-06-28T18:40:40,0.692,550.40,9.084,5.000,78.0
1782668444.677,2026-06-28T18:40:44,0.697,550.40,0.000,0.000,78.0
1782668448.769,2026-06-28T18:40:48,0.713,550.40,9.084,5.000,78.0
1782668452.872,2026-06-28T18:40:52,0.665,550.40,0.000,0.000,78.0
1782668456.881,2026-06-28T18:40:56,0.820,550.40,9.084,5.000,78.0
1782668460.984,2026-06-28T18:41:00,0.684,550.40,0.000,0.000,78.0
1782668465.087,2026-06-28T18:41:05,0.698,550.40,9.084,5.000,78.0
1782668469.044,2026-06-28T18:41:09,0.718,550.40,0.000,0.000,78.0
1782668473.046,2026-06-28T18:41:13,0.737,550.40,9.084,5.000,78.0
1782668477.045,2026-06-28T18:41:17,0.780,550.40,0.000,0.000,78.0
1782668481.045,2026-06-28T18:41:21,0.797,550.40,9.084,5.000,78.0
1782668485.147,2026-06-28T18:41:25,0.709,550.40,0.000,0.000,78.0
1782668489.259,2026-06-28T18:41:29,0.790,550.40,9.084,5.000,78.0
1782668493.210,2026-06-28T18:41:33,0.686,550.40,0.000,0.000,78.0
1782668497.305,2026-06-28T18:41:37,0.793,550.40,9.084,5.000,78.0
1782668501.405,2026-06-28T18:41:41,0.674,550.40,0.000,0.000,78.0
1782668505.404,2026-06-28T18:41:45,0.678,550.40,9.084,5.000,78.0
1782668509.499,2026-06-28T18:41:49,0.868,550.40,0.000,0.000,78.0
1782668513.595,2026-06-28T18:41:53,0.813,550.40,9.084,5.000,78.0
1782668517.697,2026-06-28T18:41:57,0.761,550.40,0.000,0.000,78.0
1782668521.799,2026-06-28T18:42:01,0.687,550.40,9.084,5.000,78.0
1782668525.756,2026-06-28T18:42:05,0.674,550.40,0.000,0.000,78.0
1782668529.858,2026-06-28T18:42:09,0.685,550.40,-18.170,-10.001,78.0
1782668533.867,2026-06-28T18:42:13,0.686,550.40,-9.084,-5.000,78.0
1782668537.871,2026-06-28T18:42:17,0.715,550.40,0.000,0.000,78.0
1782668541.879,2026-06-28T18:42:21,0.664,550.40,9.084,5.000,78.0
1782668545.977,2026-06-28T18:42:25,0.802,550.40,0.000,0.000,78.0
1782668550.026,2026-06-28T18:42:30,0.687,550.40,9.084,5.000,78.0
1782668554.126,2026-06-28T18:42:34,0.680,550.40,18.170,10.001,78.0
1782668558.131,2026-06-28T18:42:38,0.678,550.40,0.000,0.000,78.0
1782668562.130,2026-06-28T18:42:42,0.769,550.40,-18.170,-10.001,78.0
1782668566.138,2026-06-28T18:42:46,0.806,550.40,-9.084,-5.000,78.0
1782668570.229,2026-06-28T18:42:50,0.756,550.40,0.000,0.000,78.0
1782668574.329,2026-06-28T18:42:54,0.761,550.40,9.084,5.000,78.0
1782668578.384,2026-06-28T18:42:58,0.689,550.40,0.000,0.000,78.0
1782668582.481,2026-06-28T18:43:02,0.685,550.40,-18.170,-10.001,78.0
1782668586.574,2026-06-28T18:43:06,0.776,550.40,-9.084,-5.000,78.0
1782668590.675,2026-06-28T18:43:10,0.755,550.40,0.000,0.000,78.0
1782668594.771,2026-06-28T18:43:14,0.723,550.40,9.084,5.000,78.0
1782668598.870,2026-06-28T18:43:18,0.722,550.40,0.000,0.000,78.0
1782668602.873,2026-06-28T18:43:22,0.817,550.40,9.084,5.000,78.0
1782668606.972,2026-06-28T18:43:26,0.674,550.40,0.000,0.000,78.0
1782668611.073,2026-06-28T18:43:31,0.813,550.40,9.084,5.000,78.0
1782668615.022,2026-06-28T18:43:35,0.796,550.40,0.000,0.000,78.0
1782668619.123,2026-06-28T18:43:39,0.782,550.40,9.084,5.000,78.0
1782668623.129,2026-06-28T18:43:43,0.747,550.40,0.000,0.000,78.0
1782668627.129,2026-06-28T18:43:47,0.696,550.40,9.084,5.000,78.0
1782668631.232,2026-06-28T18:43:51,0.678,550.40,0.000,0.000,78.0
1782668635.336,2026-06-28T18:43:55,0.678,550.40,9.084,5.000,78.0
1782668639.437,2026-06-28T18:43:59,0.802,550.40,0.000,0.000,78.0
1782668643.391,2026-06-28T18:44:03,0.673,550.40,9.084,5.000,78.0
